Uuid,Answers,Members,Fully specified name:en,Data class,Data type,_version:1,_order:1000
9d91cb77-3f10-11e4-adec-0800271c1b75,,"Initial Psychiatric History ;
Mental State Examination ; 
Additional Medical History And Examination ;
Mental Health Risk Assessment ; 
Psychometric Scores ;
Vitals ;
VTE Assessment ;
Forwarded Results ;
Mental Health Care Plan ;
Serious incident Report ;
Adhoc Updates(Medical) ;
Adhoc Updates(Psychiatry) ;
Adhoc Calls And Actions(Psychiatry) ;
Adhoc Calls And Actions(Medical) ;
Follow up Assessment(Medical) ;
Follow up Assessment(Psychiatry) ",All Observation Templates,ConvSet,N/A,,