Uuid,Void/Retire,Fully specified name:en,Short name:en,Same as mappings,Description:en,...,_version:1,_order:120,Data class,Data type,Answers
a1c535db-3e75-4ec2-8c46-2744b62d1005,,[F00.0] Dementia in Alzheimer's disease with early onset,,ICD 10 - WHO:F00.0,,,,,Diagnosis,N/A,
a25b976d-0bc5-45f6-ac4f-5fe9375ae7cb,,[F00.1] Dementia in Alzheimer's disease with late onset,,ICD 10 - WHO:F00.1,,,,,Diagnosis,N/A,
c0bb5e1d-7142-49dc-978c-551e8766e92a,,"[F00.2] Dementia in Alzheimer's disease, atypical or mixed type",,ICD 10 - WHO:F00.2,,,,,Diagnosis,N/A,
59959e19-260b-4131-86c5-05eb6045dbac,,"[F00.9] Dementia in Alzheimer's disease, unspecified",,ICD 10 - WHO:F00.9,,,,,Diagnosis,N/A,
65ac9f9b-f703-47dd-990c-91ca155d77bf,,[F01.0] Vascular dementia of acute onset,,ICD 10 - WHO:F01.0,,,,,Diagnosis,N/A,
6211c2e8-7257-4c73-a37d-601292949c3c,,[F01.1] Multi-infarct dementia,,ICD 10 - WHO:F01.1,,,,,Diagnosis,N/A,
3fd71049-c7ec-40c4-9349-ff0238691d4f,,[F01.2] Subcortical vascular dementia,,ICD 10 - WHO:F01.2,,,,,Diagnosis,N/A,
f3dd6144-3d74-4f15-a912-8b96fecd8942,,[F01.3] Mixed cortical and subcortical vascular dementia,,ICD 10 - WHO:F01.3,,,,,Diagnosis,N/A,
b7205004-9b07-4ffa-a627-e6fe8d1c585d,,[F01.8] Other vascular dementia,,ICD 10 - WHO:F01.8,,,,,Diagnosis,N/A,
1a3260a3-30e6-4500-ad2a-28eb9e79dc08,,"[F01.9] Vascular dementia, unspecified",,ICD 10 - WHO:F01.9,,,,,Diagnosis,N/A,
72023362-56d8-4b6d-a9e5-0fa56910fa8b,,[F02.0] Dementia in Pick's disease,,ICD 10 - WHO:F02.0,,,,,Diagnosis,N/A,
60ac73dd-cd36-48f3-a8e4-a8a3fecb19a8,,[F02.1] Dementia in Creutzfeldt-Jakob disease,,ICD 10 - WHO:F02.1,,,,,Diagnosis,N/A,
f132150c-1233-4236-849e-3528bc4fb90a,,[F02.2] Dementia in Huntington's disease,,ICD 10 - WHO:F02.2,,,,,Diagnosis,N/A,
dc0ee16a-e63e-434e-9118-a85a4c70c3f5,,[F02.3] Dementia in Parkinson's disease,,ICD 10 - WHO:F02.3,,,,,Diagnosis,N/A,
8352d09f-dbc9-4530-a8d0-fc524ae14f2c,,[F02.4] Dementia in human immunodeficiency virus (HIV) disease,,ICD 10 - WHO:F02.4,,,,,Diagnosis,N/A,
87dcf7df-9b49-4edf-8227-44f3ca3f64ba,,[F02.8] Dementia in other specified diseases classified elsewhere,,ICD 10 - WHO:F02.8,,,,,Diagnosis,N/A,
99f070e6-1a7b-4324-b5d4-f357def1d2a0,,"[F05.0] Delirium, not superimposed on dementia, so described",,ICD 10 - WHO:F05.0,,,,,Diagnosis,N/A,
16078a0b-9985-4ce7-9176-ac4354802e7a,,"[F05.1] Delirium, superimposed on dementia",,ICD 10 - WHO:F05.1,,,,,Diagnosis,N/A,
9656afa7-231f-4cb2-a37b-aa64ce5bf41b,,[F05.8] Other delirium,,ICD 10 - WHO:F05.8,,,,,Diagnosis,N/A,
63e9119f-f351-4729-8383-8d01b0265610,,"[F05.9] Delirium, unspecified",,ICD 10 - WHO:F05.9,,,,,Diagnosis,N/A,
f408413e-218b-4386-a053-6304aa163f9c,,[F06.0] Organic hallucinosis,,ICD 10 - WHO:F06.0,,,,,Diagnosis,N/A,
86c2a04a-e17b-42f1-9e10-d94f5ae61cc2,,[F06.1] Organic catatonic disorder,,ICD 10 - WHO:F06.1,,,,,Diagnosis,N/A,
72408507-a58a-48fa-93cf-6ce530d46c40,,[F06.2] Organic delusional (schizophrenia-like) disorder,,ICD 10 - WHO:F06.2,,,,,Diagnosis,N/A,
fd924027-11f9-48a4-8b2c-96641ec5415f,,[F06.3] Organic mood [affective] disorders,,ICD 10 - WHO:F06.3,,,,,Diagnosis,N/A,
a63e5507-5dc4-4118-9f3d-4987c88cf848,,[F06.30] Organic manic disorder,,ICD 10 - WHO:F06.30,,,,,Diagnosis,N/A,
9cc231ea-f515-4d5c-9d22-ec5901f95434,,[F06.31] Organic bipolar affective disorder,,ICD 10 - WHO:F06.31,,,,,Diagnosis,N/A,
a1eab0dd-fb75-4b27-9881-af33806d5f38,,[F06.32] Organic depressive disorder,,ICD 10 - WHO:F06.32,,,,,Diagnosis,N/A,
fa6ba691-735f-4417-8479-58b164175fc0,,[F06.33] Organic mixed affective disorder,,ICD 10 - WHO:F06.33,,,,,Diagnosis,N/A,
8f2bce65-f27f-4ca1-81f9-015cc1e51add,,[F06.4] Organic anxiety disorder,,ICD 10 - WHO:F06.4,,,,,Diagnosis,N/A,
9c2bd772-201e-47e4-920c-536dd0cbd856,,[F06.5] Organic dissociative disorder,,ICD 10 - WHO:F06.5,,,,,Diagnosis,N/A,
6547822b-5df3-4b5a-9b47-e9809b68ff5b,,[F06.6] Organic emotionally labile (asthenic) disorder,,ICD 10 - WHO:F06.6,,,,,Diagnosis,N/A,
c6d1bef1-c5d1-4cb3-afbb-a59911e6e1f6,,[F06.7] Mild cognitive disorder,,ICD 10 - WHO:F06.7,,,,,Diagnosis,N/A,
66c54eb9-d9a2-40af-92ac-35a9bdd1ba0e,,[F06.8] Other specified mental disorders due to brain damage and dysfunction and to physical disease,,ICD 10 - WHO:F06.8,,,,,Diagnosis,N/A,
85d5689c-6ebd-407f-961e-1c93f6361065,,[F06.9] Unspecified mental disorder due to brain damage and dysfunction and to physical disease,,ICD 10 - WHO:F06.9,,,,,Diagnosis,N/A,
8e26c059-6e83-4168-95df-4e2d763d6f5e,,[F07.0] Organic personality disorder,,ICD 10 - WHO:F07.0,,,,,Diagnosis,N/A,
d483d777-9cc5-416d-bcca-085abf2fdf85,,[F07.1] Post-encephalitic syndrome,,ICD 10 - WHO:F07.1,,,,,Diagnosis,N/A,
a237b3ca-0641-4b70-adff-92448d80f147,,[F07.2] Post-concussional syndrome,,ICD 10 - WHO:F07.2,,,,,Diagnosis,N/A,
ffef542f-7377-466c-adb8-f9859d6d12f8,,"[F07.8] Other organic personality and behavioural disorder due to brain disease, damage and dysfunction",,ICD 10 - WHO:F07.8,,,,,Diagnosis,N/A,
945ad437-da9a-4674-8ee8-4b73746b1206,,[F10.0] Mental and behavioural disorders due to use of alcohol - Acute intoxication,,ICD 10 - WHO:F10.0,,,,,Diagnosis,N/A,
a57da383-d209-4f7c-bfed-946fb091c395,,[F10.00] Mental and behavioural disorders due to use of alcohol - Acute intoxication (Uncomplicated),,ICD 10 - WHO:F10.00,,,,,Diagnosis,N/A,
75adf4a1-fe71-42ce-94c5-c22eb1d8a63a,,[F10.01] Mental and behavioural disorders due to use of alcohol - Acute intoxication with trauma or other bodily injury,,ICD 10 - WHO:F10.01,,,,,Diagnosis,N/A,
d3fec30f-2551-447f-b4c0-5282a976d8fa,,[F10.02] Mental and behavioural disorders due to use of alcohol- Acute intoxication with other medical complications,,ICD 10 - WHO:F10.02,,,,,Diagnosis,N/A,
a1d7a04f-3e1f-4b2b-a03e-ebf5f394350f,,[F10.03] Mental and behavioural disorders due to use of alcohol - Acute intoxication with delirium,,ICD 10 - WHO:F10.03,,,,,Diagnosis,N/A,
01de83a6-e1fb-4049-84e8-9da99323e231,,[F10.04] Mental and behavioural disorders due to use of alcohol - Acute intoxication with perceptual distortions,,ICD 10 - WHO:F10.04,,,,,Diagnosis,N/A,
c637458d-5859-4f42-8031-6acadde96ba2,,[F10.05] Mental and behavioural disorders due to use of alcohol - Acute intoxication with coma,,ICD 10 - WHO:F10.05,,,,,Diagnosis,N/A,
56a554f2-b28f-4da0-a8f2-f644fe03030b,,[F10.06] Mental and behavioural disorders due to use of alcohol - Acute intoxication with convulsions,,ICD 10 - WHO:F10.06,,,,,Diagnosis,N/A,
ab72ae73-5f7f-44b8-8d9e-c36cfc4d3b64,,[F10.07] Mental and behavioural disorders due to use of alcohol - Pathological intoxication,,ICD 10 - WHO:F10.07,,,,,Diagnosis,N/A,
ee2ecc19-c3d2-4165-bbf7-84dfb1463457,,[F10.1] Mental and behavioural disorders due to use of alcohol - Harmful use,,ICD 10 - WHO:F10.1,,,,,Diagnosis,N/A,
e2e191eb-36e5-4169-9441-97f7ccffec4a,,[F10.2] Alcohol dependence syndrome,,ICD 10 - WHO:F10.2,,,,,Diagnosis,N/A,
79de90c1-d7da-4879-b9c7-4e0a75ad19d2,,[F10.20] Alcohol dependence syndrome - Currently abstinent,,ICD 10 - WHO:F10.20,,,,,Diagnosis,N/A,
4fd06009-dae2-4f2b-9195-e7f02383402c,,"[F10.21] Alcohol dependence syndrome - Currently abstinent, but in a protected environment",,ICD 10 - WHO:F10.21,,,,,Diagnosis,N/A,
2fe9a917-9d3b-4fc1-8367-8caeef2858b6,,[F10.22] Alcohol dependence syndrome - Currently on a clinically supervised maintenance or replacement regime (controlled dependence),,ICD 10 - WHO:F10.22,,,,,Diagnosis,N/A,
9fcb4ee2-0f9c-4ac1-878b-9d6e06757c09,,"[F10.23] Alcohol dependence syndrome - Currently abstinent, but receiving treatment with aversive or blocking drugs",,ICD 10 - WHO:F10.23,,,,,Diagnosis,N/A,
47a8713b-3e4d-4645-9c3a-d975154bba0a,,[F10.24] Alcohol dependence syndrome - Currently using the substance (active dependence),,ICD 10 - WHO:F10.24,,,,,Diagnosis,N/A,
db75f56c-292e-4b6d-8ea9-50007073eb64,,[F10.25] Alcohol dependence syndrome - Continuous use,,ICD 10 - WHO:F10.25,,,,,Diagnosis,N/A,
7e11ce7b-4387-4ffd-aff7-5634890834a6,,[F10.26] Alcohol dependence syndrome - Episodic use (dipsomania),,ICD 10 - WHO:F10.26,,,,,Diagnosis,N/A,
79867ba7-ca14-485f-b674-7efa38f8dc1f,,[F10.3] Alcohol dependence syndrome - Withdrawal state,,ICD 10 - WHO:F10.3,,,,,Diagnosis,N/A,
a1166de5-c779-4655-9360-ce18df23f3a7,,[F10.30] Alcohol dependence syndrome - Withdrawal state Uncomplicated,,ICD 10 - WHO:F10.30,,,,,Diagnosis,N/A,
f5f3b14f-8edb-46c5-b4e7-e66746928fcb,,[F10.31] Alcohol dependence syndrome - withdrawal state with convulsions,,ICD 10 - WHO:F10.31,,,,,Diagnosis,N/A,
083a2ade-359a-481c-9dbf-00085544b881,,[F10.4] Alcohol dependence syndrome - Withdrawal state withdrawal state with delirium,,ICD 10 - WHO:F10.4,,,,,Diagnosis,N/A,
999d0667-19df-4d80-a537-97d98c269768,,[F10.40] Alcohol dependence syndrome - Withdrawal state without convulsions,,ICD 10 - WHO:F10.40,,,,,Diagnosis,N/A,
899b1cfd-9486-4e62-9008-eb8298b075b7,,[F10.41] Alcohol dependence syndrome - Withdrawal state with convulsions,,ICD 10 - WHO:F10.41,,,,,Diagnosis,N/A,
a3216a55-731f-4989-9025-d79b10bd25a0,,[F10.5] Mental and behavioural disorders due to use of alcohol - Psychotic disorder,,ICD 10 - WHO:F10.5,,,,,Diagnosis,N/A,
d7e5a2a7-ee10-4af4-9754-5b5fa12667c2,,"[F10.50] Mental and behavioural disorders due to use of alcohol - Psychotic disorder, schizophrenia-like",,ICD 10 - WHO:F10.50,,,,,Diagnosis,N/A,
9814e6c2-76de-4512-825d-fb2659239b99,,"[F10.51] Mental and behavioural disorders due to use of alcohol - Psychotic disorder, predominantly delusional",,ICD 10 - WHO:F10.51,,,,,Diagnosis,N/A,
75b5d550-549b-4ff7-94e0-a5f047fb6522,,"[F10.52] Mental and behavioural disorders due to use of alcohol - Psychotic disorder, predominantly hallucinatory",,ICD 10 - WHO:F10.52,,,,,Diagnosis,N/A,
03d6b674-5bb5-4cdd-bbd7-8cdd938d0c38,,"[F10.53] Mental and behavioural disorders due to use of alcohol - Psychotic disorder, predominantly polymorphic",,ICD 10 - WHO:F10.53,,,,,Diagnosis,N/A,
64433ea1-6346-412d-8fbf-839668f4082b,,"[F10.54] Mental and behavioural disorders due to use of alcohol - Psychotic disorder, predominantly depressive symptoms",,ICD 10 - WHO:F10.54,,,,,Diagnosis,N/A,
f9c678e4-46eb-4c30-a4bc-6149d2a8850e,,"[F10.55] Mental and behavioural disorders due to use of alcohol - Psychotic disorder, predominantly manic symptoms",,ICD 10 - WHO:F10.55,,,,,Diagnosis,N/A,
7d5411c9-b1a2-45e3-9fb3-4c3fff3915c8,,"[F10.56] Mental and behavioural disorders due to use of alcohol - Psychotic disorder, mixed",,ICD 10 - WHO:F10.56,,,,,Diagnosis,N/A,
03b4e10f-2fc4-4bed-a625-972b6cb5b6a0,,[F10.6] Mental and behavioural disorders due to use of alcohol - Amnesic syndrome,,ICD 10 - WHO:F10.6,,,,,Diagnosis,N/A,
91b86cad-37be-4279-b8c7-7dbe4cabce9c,,[F10.7] Mental and behavioural disorders due to use of alcohol - Residual and late-onset psychotic disorder,,ICD 10 - WHO:F10.7,,,,,Diagnosis,N/A,
50602b6d-747a-4d90-917f-261d61448503,,[F10.70] Mental and behavioural disorders due to use of alcohol - Flashbacks,,ICD 10 - WHO:F10.70,,,,,Diagnosis,N/A,
61e53ce8-4bb7-40fa-a040-5bd9c67331a9,,[F10.71] Mental and behavioural disorders due to use of alcohol - Personality or behaviour disorder,,ICD 10 - WHO:F10.71,,,,,Diagnosis,N/A,
163e2ea9-981e-48bd-bd34-bd450ef526b8,,[F10.72] Mental and behavioural disorders due to use of alcohol - Residual affective disorder,,ICD 10 - WHO:F10.72,,,,,Diagnosis,N/A,
17f049ff-c33e-46d6-b66d-657265995550,,[F10.73] Mental and behavioural disorders due to use of alcohol - Dementia,,ICD 10 - WHO:F10.73,,,,,Diagnosis,N/A,
8b7cda4d-f421-4f4e-a61d-6b5303b188f4,,[F10.74] Mental and behavioural disorders due to use of alcohol - Other persisting cognitive impairment,,ICD 10 - WHO:F10.74,,,,,Diagnosis,N/A,
bc63983c-e70c-42be-a115-ab072b3299b1,,[F10.75] Mental and behavioural disorders due to use of alcohol - Late-onset psychotic disorder,,ICD 10 - WHO:F10.75,,,,,Diagnosis,N/A,
ece16cdd-7c59-420f-80a8-43cd4eaf868a,,[F11.0] Mental and behavioural disorders due to use of opioids - Acute intoxication,,ICD 10 - WHO:F11.0,,,,,Diagnosis,N/A,
c472301e-3b65-4642-889e-d43b5ab1bbde,,"[F11.00] Mental and behavioural disorders due to use of opioids - Acute intoxication, Uncomplicated",,ICD 10 - WHO:F11.00,,,,,Diagnosis,N/A,
be1f9748-5af9-4c0b-8d1b-3dc899798bc3,,[F11.01] Mental and behavioural disorders due to use of opioids - Acute intoxication - With trauma or other bodily injury,,ICD 10 - WHO:F11.01,,,,,Diagnosis,N/A,
170f395f-0f60-4135-a487-3cff2d1bd615,,[F11.02] Mental and behavioural disorders due to use of opioids - Acute intoxication - With other medical complications,,ICD 10 - WHO:F11.02,,,,,Diagnosis,N/A,
4a2a1fcd-6229-47f4-8ca7-0710d4801f64,,[F11.03] Mental and behavioural disorders due to use of opioids - Acute intoxication - With delirium,,ICD 10 - WHO:F11.03,,,,,Diagnosis,N/A,
250398cc-6c9a-419d-968e-a6428155f13b,,[F11.04] Mental and behavioural disorders due to use of opioids - Acute intoxication - With perceptual distortions,,ICD 10 - WHO:F11.04,,,,,Diagnosis,N/A,
80489a08-ba4f-4ee4-90dd-bc8abe16653a,,[F11.05] Mental and behavioural disorders due to use of opioids - Acute intoxication - With coma,,ICD 10 - WHO:F11.05,,,,,Diagnosis,N/A,
edd06c31-2b03-4f9c-b055-588d3404ce10,,[F11.06] Mental and behavioural disorders due to use of opioids - Acute intoxication - With convulsions,,ICD 10 - WHO:F11.06,,,,,Diagnosis,N/A,
581007d3-4773-4c80-8fb0-49565b85f8d6,,[F11.07] Mental and behavioural disorders due to use of opioids - Acute intoxication - Pathological intoxication,,ICD 10 - WHO:F11.07,,,,,Diagnosis,N/A,
ef171e43-1be6-4a03-b5f0-b1b9b7bdce36,,[F11.1] Mental and behavioural disorders due to use of opioids - Harmful use,,ICD 10 - WHO:F11.1,,,,,Diagnosis,N/A,
51d70c9e-5ce9-452c-80aa-65e6ef2a85b2,,[F11.2] Mental and behavioural disorders due to use of opioids - Dependence syndrome,,ICD 10 - WHO:F11.2,,,,,Diagnosis,N/A,
2104db6b-5c9b-4644-be9d-f800c3efb129,,"[F11.20] Mental and behavioural disorders due to use of opioids - Dependence syndrome, currently abstinent",,ICD 10 - WHO:F11.20,,,,,Diagnosis,N/A,
85bdb09c-884a-4c2a-b0a2-a2f17a843ceb,,"[F11.21] Mental and behavioural disorders due to use of opioids - Dependence syndrome, currently abstinent, but in a protected environment",,ICD 10 - WHO:F11.21,,,,,Diagnosis,N/A,
cce5c6f7-8283-4762-845b-4c5bd88d2820,,"[F11.22] Mental and behavioural disorders due to use of opioids - Dependence syndrome, currently on a clinically supervised maintenance or replacement regime (controlled dependence)",,ICD 10 - WHO:F11.22,,,,,Diagnosis,N/A,
7790b325-9769-48d9-8b76-69f4a8c5780c,,"[F11.23] Mental and behavioural disorders due to use of opioids - Dependence syndrome currently abstinent, but receiving treatment with aversive or blocking drugs",,ICD 10 - WHO:F11.23,,,,,Diagnosis,N/A,
147c0f9f-4194-410c-83d4-738124b36d66,,[F11.24] Mental and behavioural disorders due to use of opioids - Dependence syndrome currently using the substance [active dependence],,ICD 10 - WHO:F11.24,,,,,Diagnosis,N/A,
6dbf8141-aa61-4926-8e79-af5b5c1221ba,,"[F11.25] Mental and behavioural disorders due to use of opioids - Dependence syndrome, continuous use",,ICD 10 - WHO:F11.25,,,,,Diagnosis,N/A,
dcc5db5c-08e2-499c-8f82-e31c98cdee22,,"[F11.26] Mental and behavioural disorders due to use of opioids - Dependence syndrome, episodic use [dipsomania]",,ICD 10 - WHO:F11.26,,,,,Diagnosis,N/A,
635c181a-1830-426e-9a73-2f911bbf3d18,,"[F11.3] Mental and behavioural disorders due to use of opioids - Dependence syndrome, withdrawal state",,ICD 10 - WHO:F11.3,,,,,Diagnosis,N/A,
9938dcbf-b16f-4a4a-a7a3-d6a1e9d7f03b,,[F11.5] Mental and behavioural disorders due to use of opioids - Psychotic disorder,,ICD 10 - WHO:F11.5,,,,,Diagnosis,N/A,
218398e4-cbdf-4ac4-a1e4-12a1de7ef91e,,"[F11.50] Mental and behavioural disorders due to use of opioids - Psychotic disorder, schizophrenia-like",,ICD 10 - WHO:F11.50,,,,,Diagnosis,N/A,
22992f27-dc29-43e5-bf07-25433ecd4e71,,"[F11.51] Mental and behavioural disorders due to use of opioids - Psychotic disorder, predominantly delusional",,ICD 10 - WHO:F11.51,,,,,Diagnosis,N/A,
aa7dc072-e8ca-40fb-ba74-db401a9601e9,,"[F11.52] Mental and behavioural disorders due to use of opioids - Psychotic disorder, predominantly hallucinatory",,ICD 10 - WHO:F11.52,,,,,Diagnosis,N/A,
4db88bf5-a5be-4878-a5fd-f8d91ecd59cb,,"[F11.53] Mental and behavioural disorders due to use of opioids - Psychotic disorder, predominantly polymorphic",,ICD 10 - WHO:F11.53,,,,,Diagnosis,N/A,
a5516bb4-e043-4c5c-a147-c7ff90552499,,"[F11.54] Mental and behavioural disorders due to use of opioids - Psychotic disorder, predominantly depressive symptoms",,ICD 10 - WHO:F11.54,,,,,Diagnosis,N/A,
0b7a9a20-cd20-413c-a8ca-f707b8275713,,"[F11.55] Mental and behavioural disorders due to use of opioids - Psychotic disorder, predominantly manic symptoms",,ICD 10 - WHO:F11.55,,,,,Diagnosis,N/A,
6fa1cd6e-c6be-4c43-a417-5ea7ba772702,,"[F11.56] Mental and behavioural disorders due to use of opioids - Psychotic disorder, mixed",,ICD 10 - WHO:F11.56,,,,,Diagnosis,N/A,
ce62c127-19a6-49f3-9b7e-d079ca16b614,,[F11.6] Mental and behavioural disorders due to use of opioids - Amnesic syndrome,,ICD 10 - WHO:F11.6,,,,,Diagnosis,N/A,
636db655-d39a-4e88-9328-c653e609b5fd,,[F11.7] Mental and behavioural disorders due to use of opioids - Residual and late-onset psychotic disorder,,ICD 10 - WHO:F11.7,,,,,Diagnosis,N/A,
dcbc002e-870e-4c70-b6a8-e027cb088340,,[F11.70] Mental and behavioural disorders due to use of opioids - Flashbacks,,ICD 10 - WHO:F11.70,,,,,Diagnosis,N/A,
299b7344-aefe-4864-94e5-c73b2d5f297d,,[F11.71] Mental and behavioural disorders due to use of opioids - Personality or behaviour disorder,,ICD 10 - WHO:F11.71,,,,,Diagnosis,N/A,
5ad298b7-11a8-4089-915a-2c9998fa6a00,,[F11.72] Mental and behavioural disorders due to use of opioids - Residual affective disorder,,ICD 10 - WHO:F11.72,,,,,Diagnosis,N/A,
5c6d3a0e-9c40-4491-a506-64e9416ef161,,[F11.73] Mental and behavioural disorders due to use of opioids - Dementia,,ICD 10 - WHO:F11.73,,,,,Diagnosis,N/A,
41aebd38-8d42-4625-ab89-ebd635965196,,[F12.1] Mental and behavioural disorders due to use of cannabinoids - Harmful use,,ICD 10 - WHO:F12.1,,,,,Diagnosis,N/A,
919f58e0-49f5-4d52-873d-d3b06bc6d165,,[F12.2] Mental and behavioural disorders due to use of cannabinoids - Dependence syndrome,,ICD 10 - WHO:F12.2,,,,,Diagnosis,N/A,
57c2568b-16dc-4a80-a4fd-c9d755bf22e8,,[F12.5] Mental and behavioural disorders due to use of cannabinoids - Psychotic disorder,,ICD 10 - WHO:F12.5,,,,,Diagnosis,N/A,
182a733b-2a3d-41ce-aa0b-37796d163521,,[F12.7] Mental and behavioural disorders due to use of cannabinoids - Residual and late-onset psychotic disorder,,ICD 10 - WHO:F12.7,,,,,Diagnosis,N/A,
836113a7-e5f2-4ff2-8d05-5d7b72e45383,,[F13.0] Mental and behavioural disorders due to use of sedatives or hypnotics - Acute intoxication,,ICD 10 - WHO:F13.0,,,,,Diagnosis,N/A,
922c4220-124a-4c4b-bba1-3c6d9d99344e,,[F13.1] Mental and behavioural disorders due to use of sedatives or hypnotics - Harmful use,,ICD 10 - WHO:F13.1,,,,,Diagnosis,N/A,
a1cd91b2-0dd9-4574-8f5b-38a82854bea3,,[F13.2] Mental and behavioural disorders due to use of sedatives or hypnotics - Dependence syndrome,,ICD 10 - WHO:F13.2,,,,,Diagnosis,N/A,
5a9dabc7-599a-415a-9b2b-3ba653b1333d,,[F13.3] Mental and behavioural disorders due to use of sedatives or hypnotics - Withdrawal state,,ICD 10 - WHO:F13.3,,,,,Diagnosis,N/A,
2b7ac726-fab1-4d0a-a0c7-6fc0b2605ad3,,[F13.5] Mental and behavioural disorders due to use of sedatives or hypnotics - Psychotic disorder,,ICD 10 - WHO:F13.5,,,,,Diagnosis,N/A,
cdcd62c3-e942-49b8-a7ad-64c133295801,,[F13.7] Mental and behavioural disorders due to use of sedatives or hypnotics - Residual and late-onset psychotic disorder,,ICD 10 - WHO:F13.7,,,,,Diagnosis,N/A,
2169de1b-40bb-4600-9e0a-ac18cb57a523,,[F14.0] Mental and behavioural disorders due to use of cocaine - Acute intoxication,,ICD 10 - WHO:F14.0,,,,,Diagnosis,N/A,
bb1201a3-0dd3-4bd8-91ba-56f0b64eae92,,[F14.1] Mental and behavioural disorders due to use of cocaine - Harmful use,,ICD 10 - WHO:F14.1,,,,,Diagnosis,N/A,
d8bf62fb-cc66-4431-98b4-95d2808b21a1,,[F14.2] Mental and behavioural disorders due to use of cocaine - Dependence syndrome,,ICD 10 - WHO:F14.2,,,,,Diagnosis,N/A,
507a1a72-1990-4271-818c-0005344d2da2,,[F14.3] Mental and behavioural disorders due to use of cocaine - Withdrawal state,,ICD 10 - WHO:F14.3,,,,,Diagnosis,N/A,
1e8c218e-4b6a-438d-9933-b5cd2c1408c1,,[F14.5] Mental and behavioural disorders due to use of cocaine - Psychotic disorder,,ICD 10 - WHO:F14.5,,,,,Diagnosis,N/A,
5e61af82-1a3b-48d1-9494-3a5f9be45c4f,,[F14.7] Mental and behavioural disorders due to use of cocaine - Residual and late-onset psychotic disorder,,ICD 10 - WHO:F14.7,,,,,Diagnosis,N/A,
7cbeda37-8bfd-40f6-9c78-6c6a26e08eb1,,"[F15.0] Mental and behavioural disorders due to use of other stimulants, including - caffeine - Acute intoxication",,ICD 10 - WHO:F15.0,,,,,Diagnosis,N/A,
854cb8bc-4495-4e70-9f65-a0436368058f,,"[F15.1] Mental and behavioural disorders due to use of other stimulants, including - caffeine - Harmful use",,ICD 10 - WHO:F15.1,,,,,Diagnosis,N/A,
cdfe9076-9142-4a29-bcf7-00a8608ad0c6,,"[F15.2] Mental and behavioural disorders due to use of other stimulants, including caffeine - Dependence syndrome",,ICD 10 - WHO:F15.2,,,,,Diagnosis,N/A,
62dd33bb-e640-4f07-8aeb-c1f3c9dc8ff7,,"[F15.3] Mental and behavioural disorders due to use of other stimulants, including caffeine - Withdrawal state",,ICD 10 - WHO:F15.3,,,,,Diagnosis,N/A,
c569951e-cf74-4622-a731-ff6470ec348a,,"[F15.5] Mental and behavioural disorders due to use of other stimulants, including caffeine - Psychotic disorder",,ICD 10 - WHO:F15.5,,,,,Diagnosis,N/A,
686fb975-f0aa-45c1-82dc-2d6e903659a8,,"[F15.7] Mental and behavioural disorders due to use of other stimulants, including caffeine - Residual and late-onset psychotic disorder",,ICD 10 - WHO:F15.7,,,,,Diagnosis,N/A,
bf2752f9-65e9-4e17-a5fd-c54e8f463145,,[F16.0] Mental and behavioural disorders due to use of hallucinogens - Acute intoxication,,ICD 10 - WHO:F16.0,,,,,Diagnosis,N/A,
ed87b7dd-4225-4a2b-986a-8128f0a866e7,,[F16.1] Mental and behavioural disorders due to use of hallucinogens - Harmful use,,ICD 10 - WHO:F16.1,,,,,Diagnosis,N/A,
66f03f15-d2f4-4011-a34f-216d76eab16a,,[F16.2] Mental and behavioural disorders due to use of hallucinogens - Dependence syndrome,,ICD 10 - WHO:F16.2,,,,,Diagnosis,N/A,
1f87abb5-9b7c-42ae-9694-9f128d31a400,,[F16.3] Mental and behavioural disorders due to use of hallucinogens - Withdrawal state,,ICD 10 - WHO:F16.3,,,,,Diagnosis,N/A,
1c4a257c-91b7-4bb6-9fc7-472c498bb5ba,,[F16.5] Mental and behavioural disorders due to use of hallucinogens - Psychotic disorder,,ICD 10 - WHO:F16.5,,,,,Diagnosis,N/A,
114cc76c-5984-4487-9bed-8b521d81be98,,[F16.7] Mental and behavioural disorders due to use of hallucinogens - Residual and late-onset psychotic disorder,,ICD 10 - WHO:F16.7,,,,,Diagnosis,N/A,
b7b6b9da-5266-4518-b8ac-ed74d4a8f4da,,[F17.1] Mental and behavioural disorders due to use of tobacco - Harmful use,,ICD 10 - WHO:F17.1,,,,,Diagnosis,N/A,
ea14141e-4582-4e7a-a91f-a84b963fd301,,[F17.2] Mental and behavioural disorders due to use of tobacco - Dependence syndrome,,ICD 10 - WHO:F17.2,,,,,Diagnosis,N/A,
1cada7f8-2b95-49b8-bfda-91590694bcdf,,[F18.0] Mental and behavioural disorders due to use of volatile solvents - Acute intoxication,,ICD 10 - WHO:F18.0,,,,,Diagnosis,N/A,
bfc89391-dcf5-4b59-ab52-92ddf59db3b7,,[F18.1] Mental and behavioural disorders due to use of volatile solvents - Harmful use,,ICD 10 - WHO:F18.1,,,,,Diagnosis,N/A,
63f8b745-8d59-4f43-a480-7b738a6dd981,,[F18.2] Mental and behavioural disorders due to use of volatile solvents - Dependence syndrome,,ICD 10 - WHO:F18.2,,,,,Diagnosis,N/A,
db872bc0-d228-4c93-a126-36b7212593f7,,[F18.3] Mental and behavioural disorders due to use of volatile solvents - Withdrawal state,,ICD 10 - WHO:F18.3,,,,,Diagnosis,N/A,
8fde32bf-38f1-4575-9307-d359287d554f,,[F18.5] Mental and behavioural disorders due to use of volatile solvents - Psychotic disorder,,ICD 10 - WHO:F18.5,,,,,Diagnosis,N/A,
7a9f4be3-17c6-4f5d-8a48-ef2ca0c28d81,,[F18.7] Mental and behavioural disorders due to use of volatile solvents - Residual and late-onset psychotic disorder,,ICD 10 - WHO:F18.7,,,,,Diagnosis,N/A,
032a0a22-d4f2-48fa-b49a-3623646d407c,,[F19.0] Mental and behavioural disorders due to multiple drug use - Acute intoxication,,ICD 10 - WHO:F19.0,,,,,Diagnosis,N/A,
f736ef02-3d5f-4ef7-97c6-015cc6f70276,,[F19.1] Mental and behavioural disorders due to multiple drug use - Harmful use,,ICD 10 - WHO:F19.1,,,,,Diagnosis,N/A,
fb3ac08b-8aed-40a7-90c6-1a8fd25069f7,,[F19.2] Mental and behavioural disorders due to multiple drug use - Dependence syndrome,,ICD 10 - WHO:F19.2,,,,,Diagnosis,N/A,
7f96eb17-e32d-4a43-8929-1261be056c93,,[F19.3] Mental and behavioural disorders due to multiple drug use - Withdrawal state,,ICD 10 - WHO:F19.3,,,,,Diagnosis,N/A,
8f86cf8f-0e60-4a1c-930c-dffb98e6f08a,,[F19.5] Mental and behavioural disorders due to multiple drug use - Psychotic disorder,,ICD 10 - WHO:F19.5,,,,,Diagnosis,N/A,
73e7ae83-e900-483e-8882-b6eb7e581d27,,[F19.7] R Mental and behavioural disorders due to multiple drug use - Residual and late-onset psychotic disorder,,ICD 10 - WHO:F19.7,,,,,Diagnosis,N/A,
9f7d1804-8d4e-4346-bb31-55453d1901e9,,[F20] Schizophrenia,,ICD 10 - WHO:F20,,,,,Diagnosis,N/A,
ad59a404-66e1-475b-828a-00e007dca9df,,[F20.0] Paranoid schizophrenia,,ICD 10 - WHO:F20.0,,,,,Diagnosis,N/A,
da888685-9e0c-4525-b798-f3b4fcdd7b53,,[F20.1] Hebephrenic schizophrenia,,ICD 10 - WHO:F20.1,,,,,Diagnosis,N/A,
c805c4c7-0439-478d-8ea4-52bd570cbf54,,[F20.2] Catatonic schizophrenia,,ICD 10 - WHO:F20.2,,,,,Diagnosis,N/A,
92c9bcbb-d163-4c9d-854d-28fa0308e99b,,[F20.3] Undifferentiated schizophrenia,,ICD 10 - WHO:F20.3,,,,,Diagnosis,N/A,
f4aff629-20fb-4172-9b9c-ada5349e63de,,[F20.4] Post-schizophrenic depression,,ICD 10 - WHO:F20.4,,,,,Diagnosis,N/A,
b56e6d64-7574-4c1a-9ce0-fe1c90bcbdc9,,[F20.5] Residual schizophrenia,,ICD 10 - WHO:F20.5,,,,,Diagnosis,N/A,
b1adee50-caee-4c57-bb95-c8a2ef5f9603,,[F20.6] Simple schizophrenia,,ICD 10 - WHO:F20.6,,,,,Diagnosis,N/A,
dd55f9d1-9c10-41ff-9a0f-d1dfeb0b848e,,[F20.8] Other schizophrenia,,ICD 10 - WHO:F20.8,,,,,Diagnosis,N/A,
97649073-ed21-4a55-9917-d60d34985a92,,"[F20.9] Schizophrenia, unspecified",,ICD 10 - WHO:F20.9,,,,,Diagnosis,N/A,
21bceea5-3f2c-4989-8464-eb9ecd22ce13,,[F21] Schizotypal disorder,,ICD 10 - WHO:F21,,,,,Diagnosis,N/A,
652f39a8-5cf7-44d3-bac0-fc913d6b50c5,,[F22] Persistent delusional disorder,,ICD 10 - WHO:F22,,,,,Diagnosis,N/A,
ffeea4c6-f40e-4ab6-827f-0fa7638200a6,,[F22.0] Delusional disorder,,ICD 10 - WHO:F22.0,,,,,Diagnosis,N/A,
9ec21862-1aba-4902-be17-4175b925ea53,,"[F22.9] Persistent delusional disorder, unspecified",,ICD 10 - WHO:F22.9,,,,,Diagnosis,N/A,
0eeee7ae-6c5a-4c20-aeda-9d38cd269072,,[F23.0] Acute polymorphic psychotic disorder without symptoms of schizophrenia,,ICD 10 - WHO:F23.0,,,,,Diagnosis,N/A,
632b84c1-0312-44ee-a383-3ffbb612b789,,[F23.1] Acute polymorphic psychotic disorder with symptoms of schizophrenia,,ICD 10 - WHO:F23.1,,,,,Diagnosis,N/A,
0c4cea2e-ee36-42bb-9ea6-f90b4dbed798,,[F23.2] Acute schizophrenia-like psychotic disorder,,ICD 10 - WHO:F23.2,,,,,Diagnosis,N/A,
0e0c79a9-bf2b-469e-933e-b72c1cf8d5b9,,[F23.3] Other acute predominantly delusional psychotic disorders,,ICD 10 - WHO:F23.3,,,,,Diagnosis,N/A,
342ad967-7093-4a51-9d15-bfbb8d508c28,,[F23.8] Other acute and transient psychotic disorders,,ICD 10 - WHO:F23.8,,,,,Diagnosis,N/A,
00da5db1-e083-44d8-a692-fd33dcf2a09e,,[F23.9] Acute and transient psychotic disorders unspecified,,ICD 10 - WHO:F23.9,,,,,Diagnosis,N/A,
18ed9bf4-9c3d-4d33-96a8-2e96173ad252,,[F24] Induced delusional disorder,,ICD 10 - WHO:F24,,,,,Diagnosis,N/A,
abfd5ec9-e4df-4c06-a35b-207b9e82f7cc,,"[F25.0] Schizoaffective disorder, manic type",,ICD 10 - WHO:F25.0,,,,,Diagnosis,N/A,
325989ab-2e22-4b25-b30c-8d6cfbe446d3,,"[F25.1] Schizoaffective disorder, depressive type",,ICD 10 - WHO:F25.1,,,,,Diagnosis,N/A,
753cd641-872c-4587-bf0c-591470faaf1d,,"[F25.2] Schizoaffective disorder, mixed type",,ICD 10 - WHO:F25.2,,,,,Diagnosis,N/A,
baeff57a-55c9-4880-bc57-ad5a6adf25c6,,"[F25.9] Schizoaffective disorder, unspecified",,ICD 10 - WHO:F25.9,,,,,Diagnosis,N/A,
783b584b-3255-4f12-9588-99c3ce2b4516,,[F30] Manic episode,,ICD 10 - WHO:F30,,,,,Diagnosis,N/A,
b202fa8a-72e4-4582-8f56-39cb125133d6,,[F30.0] Hypomania,,ICD 10 - WHO:F30.0,,,,,Diagnosis,N/A,
d142eb05-5d7d-4d5a-828d-7223b09ed5fa,,[F30.1] Mania without psychotic symptoms,,ICD 10 - WHO:F30.1,,,,,Diagnosis,N/A,
3b5473f4-c7f0-46df-a483-a1d7d65676e3,,[F30.2] Mania with psychotic symptoms,,ICD 10 - WHO:F30.2,,,,,Diagnosis,N/A,
57368cb3-24aa-4031-878b-d870a2d3d204,,"[F30.9] Manic episode, unspecified",,ICD 10 - WHO:F30.9,,,,,Diagnosis,N/A,
82b4cd76-880c-47d7-bbc6-96b733673fe0,,[F31] Bipolar affective disorder,,ICD 10 - WHO:F31,,,,,Diagnosis,N/A,
492a2101-fdf7-481e-b990-b699ba5d95e3,,"[F31.0] Bipolar affective disorder, current episode hypomanic",,ICD 10 - WHO:F31.0,,,,,Diagnosis,N/A,
34e3da21-974b-4cdd-af20-150cef75d467,,"[F31.1] Bipolar affective disorder, current episode manic without psychotic symptoms",,ICD 10 - WHO:F31.1,,,,,Diagnosis,N/A,
40836689-5f99-4cab-9871-ccf45b5bfa27,,"[F31.2] Bipolar affective disorder, current episode manic with psychotic symptoms",,ICD 10 - WHO:F31.2,,,,,Diagnosis,N/A,
ea4ff36e-df8b-49c2-ab1b-7bd75e52a810,,"[F31.3] Bipolar affective disorder, current episode mild or moderate depression",,ICD 10 - WHO:F31.3,,,,,Diagnosis,N/A,
1358da39-bdb7-453c-a6d0-02de0aa298b4,,"[F31.30] Bipolar affective disorder, current episode mild or moderate depression without somatic syndrome",,ICD 10 - WHO:F31.30,,,,,Diagnosis,N/A,
25ef14c1-61c0-4382-b526-ce6d1e3a3927,,"[F31.31] Bipolar affective disorder, current episode mild or moderate depression with somatic syndrome",,ICD 10 - WHO:F31.31,,,,,Diagnosis,N/A,
74734095-6ea3-4779-9c1a-162f8c73b4f9,,"[F31.4] Bipolar affective disorder, current episode severe depression without psychotic symptoms",,ICD 10 - WHO:F31.4,,,,,Diagnosis,N/A,
8d00d55c-6d9e-4831-bd78-1ec7055c1833,,"[F31.5] Bipolar affective disorder, current episode severe depression with psychotic symptoms",,ICD 10 - WHO:F31.5,,,,,Diagnosis,N/A,
83751420-b424-45a7-b35d-c37568ba69db,,"[F31.6] Bipolar affective disorder, current episode mixed",,ICD 10 - WHO:F31.6,,,,,Diagnosis,N/A,
9d393df7-2d26-4b11-9c7e-160c3664b0a4,,"[F31.7] Bipolar affective disorder, currently in remission",,ICD 10 - WHO:F31.7,,,,,Diagnosis,N/A,
3ccbd974-bd52-4cc7-9feb-72cb833ea173,,[F31.8] Other bipolar affective disorders,,ICD 10 - WHO:F31.8,,,,,Diagnosis,N/A,
c3925321-e1bc-4786-9cf4-54258cc1b516,,"[F31.9] Bipolar affective disorder, unspecified",,ICD 10 - WHO:F31.9,,,,,Diagnosis,N/A,
16130291-5e35-4b31-ac87-f552f27fd8ba,,[F32] Depressive episode,,ICD 10 - WHO:F32,,,,,Diagnosis,N/A,
08ba6aad-eccb-4ede-995a-28a6b17a02e6,,[F32.0] Mild depressive episode,,ICD 10 - WHO:F32.0,,,,,Diagnosis,N/A,
73912a5a-2bbf-4cea-a6b1-3af8bec2c672,,[F32.00] Mild depressive episode without somatic syndrome,,ICD 10 - WHO:F32.00,,,,,Diagnosis,N/A,
41d77c49-62e1-48a8-ba18-8fb165ffb6d3,,[F32.01] Mild depressive episode with somatic syndrome,,ICD 10 - WHO:F32.01,,,,,Diagnosis,N/A,
4ed7ab57-40b4-42d8-a1fd-c3727c9b1c6f,,[F32.1] Moderate depressive episode,,ICD 10 - WHO:F32.1,,,,,Diagnosis,N/A,
3e7c4d3e-ebe0-4ab9-8fa1-98bc8adb1ff3,,[F32.10] Moderate depressive episode without somatic syndrome,,ICD 10 - WHO:F32.10,,,,,Diagnosis,N/A,
e7a92058-2385-45a7-9afc-5c0864d48d41,,[F32.11] Moderate depressive episode with somatic syndrome,,ICD 10 - WHO:F32.11,,,,,Diagnosis,N/A,
042d2731-8643-4f9d-87e9-ea9fc24b193f,,[F32.2] Severe depressive episode without psychotic symptoms,,ICD 10 - WHO:F32.2,,,,,Diagnosis,N/A,
8dcb67ca-3473-46c3-8114-d3377a2bf932,,[F32.3] Severe depressive episode with psychotic symptoms,,ICD 10 - WHO:F32.3,,,,,Diagnosis,N/A,
521e9780-0252-4269-a7e2-f9fa23d911cb,,"[F32.9] Depressive episode, unspecified",,ICD 10 - WHO:F32.9,,,,,Diagnosis,N/A,
0b1a9c9a-8c54-4524-b538-aeb6d368fb46,,"[F33.0] Recurrent depressive disorder, current episode mild",,ICD 10 - WHO:F33.0,,,,,Diagnosis,N/A,
d30b9809-f4f5-4696-a446-8ec45598ee8b,,"[F33.00] Recurrent depressive disorder, current episode mild without somatic syndrome",,ICD 10 - WHO:F33.00,,,,,Diagnosis,N/A,
29164a44-344e-436f-ab6a-58e9af3799bf,,"[F33.01] Recurrent depressive disorder, current episode mild with somatic syndrome",,ICD 10 - WHO:F33.01,,,,,Diagnosis,N/A,
8f77bb1c-7cc1-46ca-89a7-e870f0973404,,"[F33.10] Recurrent depressive disorder, current episode moderate without somatic syndrome",,ICD 10 - WHO:F33.10,,,,,Diagnosis,N/A,
39bc1d91-d1e7-4e89-bfdc-0d1a71ec3367,,"[F33.11] Recurrent depressive disorder, current episode moderate with somatic syndrome",,ICD 10 - WHO:F33.11,,,,,Diagnosis,N/A,
b3db68f9-0e51-4db2-9cbb-0824a6b3d65d,,"[F33.2] Recurrent depressive disorder, current episode severe without psychotic symptoms",,ICD 10 - WHO:F33.2,,,,,Diagnosis,N/A,
44b32b8a-f398-436d-8073-ed41d49beb0a,,"[F33.3] Recurrent depressive disorder, current episode severe with psychotic symptoms",,ICD 10 - WHO:F33.3,,,,,Diagnosis,N/A,
3e4ca91b-66f3-443e-920f-95c2f5f0c2ed,,"[F33.4] Recurrent depressive disorder, currently in remission",,ICD 10 - WHO:F33.4,,,,,Diagnosis,N/A,
4ae99808-c10a-46aa-9aa8-c10ce1e87052,,[F33.8] Other recurrent depressive disorders,,ICD 10 - WHO:F33.8,,,,,Diagnosis,N/A,
b261826b-5fc8-4040-99ce-7b47d905dddf,,"[F33.9] Recurrent depressive disorder, unspecified",,ICD 10 - WHO:F33.9,,,,,Diagnosis,N/A,
652e3da5-1185-408e-bd4b-bb2c5ac8e81e,,[F34.0] Cyclothymia,,ICD 10 - WHO:F34.0,,,,,Diagnosis,N/A,
8d6bb53e-6afe-43bc-bf9f-9b2e300346e4,,[F34.1] Dysthymia,,ICD 10 - WHO:F34.1,,,,,Diagnosis,N/A,
3041b292-6c3b-4949-9e44-a7f4ff25819e,,[F34.8] Other persistent mood [affective] disorders,,ICD 10 - WHO:F34.8,,,,,Diagnosis,N/A,
c5e25975-7c6f-4cf5-8e74-6895fbbce417,,"[F34.9] Persistent mood [affective] disorder, unspecified",,ICD 10 - WHO:F34.9,,,,,Diagnosis,N/A,
0122fcaa-386a-4ca2-84e9-f970fc58f29f,,[F38.0] Other single mood (affective) disorders,,ICD 10 - WHO:F38.0,,,,,Diagnosis,N/A,
3ff4a367-cc39-4544-8d23-f84239d525b8,,[F38.00] Mixed affective episode,,ICD 10 - WHO:F38.00,,,,,Diagnosis,N/A,
7a11c311-58f0-4867-9d29-99380a90f21e,,[F38.1] Other recurrent mood [affective] disorders,,ICD 10 - WHO:F38.1,,,,,Diagnosis,N/A,
651d6a01-9213-4bf2-9202-16279521c47d,,[F38.10] Recurrent brief depressive disorder,,ICD 10 - WHO:F38.10,,,,,Diagnosis,N/A,
b25b83cc-be38-49ea-b3b6-441c72180eea,,[F38.8] Other specified mood [affective] disorders,,ICD 10 - WHO:F38.8,,,,,Diagnosis,N/A,
0d98bc80-4d8a-4965-a627-e8c9fe7c598e,,[F40.00] Agoraphobia without panic disorder,,ICD 10 - WHO:F40.00,,,,,Diagnosis,N/A,
b4a61999-d1ed-4208-9fea-68ba2db3e1da,,[F40.01] Agoraphobia with panic disorder,,ICD 10 - WHO:F40.01,,,,,Diagnosis,N/A,
a8ed3332-3f6f-4019-a6df-1ce972415d3c,,[F40.1] Social phobias,,ICD 10 - WHO:F40.1,,,,,Diagnosis,N/A,
2bbc4e25-3935-4332-b87c-e085b8c4ef09,,[F40.2] Specific (isolated) phobias,,ICD 10 - WHO:F40.2,,,,,Diagnosis,N/A,
43a9e82e-cda7-438e-b407-548e19983fcb,,[F40.8] Other phobic anxiety disorders,,ICD 10 - WHO:F40.8,,,,,Diagnosis,N/A,
c8386532-e8c3-4db8-9a62-a3a7f0612e70,,"[F40.9] Phobic anxiety disorder, unspecified",,ICD 10 - WHO:F40.9,,,,,Diagnosis,N/A,
ac680cc7-795f-4e59-81fd-def0caa8ff47,,[F41.0] Panic disorder (episodic paroxysmal anxiety),,ICD 10 - WHO:F41.0,,,,,Diagnosis,N/A,
a3e2da1a-c39e-4cea-9c14-e64e3bd260a3,,[F41.1] Generalized anxiety disorder,,ICD 10 - WHO:F41.1,,,,,Diagnosis,N/A,
6b96d23a-257f-4676-9f57-466879537584,,[F41.2] Mixed anxiety and depressive disorder,,ICD 10 - WHO:F41.2,,,,,Diagnosis,N/A,
7265ed51-f277-4b77-b14c-270b6e5848ec,,[F41.3] Other mixed anxiety disorders,,ICD 10 - WHO:F41.3,,,,,Diagnosis,N/A,
62fb3611-e3a1-45b0-9941-4f4befea7516,,[F41.8] Other specified anxiety disorders,,ICD 10 - WHO:F41.8,,,,,Diagnosis,N/A,
83e1e67e-5c1b-40e4-9a86-1e57693855e1,,"[F41.9] Anxiety disorder, unspecified",,ICD 10 - WHO:F41.9,,,,,Diagnosis,N/A,
cea5ee51-68db-422c-9bfa-5518796bfe1c,,[F42.0] Obsessive - compulsive disorder predominantly obsession thoughts or ruminations,,ICD 10 - WHO:F42.0,,,,,Diagnosis,N/A,
b990c0a1-9ec4-4a73-b000-b378893cfa41,,[F42.1] Obsessive - compulsive disorder predominantly compulsive acts rituals,,ICD 10 - WHO:F42.1,,,,,Diagnosis,N/A,
78e8b039-52cc-4e4b-ba17-230f8aa8daeb,,[F42.2] Obsessive - compulsive disorder - mixed obsessional thoughts and rituals,,ICD 10 - WHO:F42.2,,,,,Diagnosis,N/A,
af1cafbe-4205-403f-a27c-e9ca2c681972,,"[F42.9] Obsessive - compulsive disorder, unspecified",,ICD 10 - WHO:F42.9,,,,,Diagnosis,N/A,
ba3f5095-d851-49c3-964f-6a34e57e96b6,,[F43.0] Acute stress reaction,,ICD 10 - WHO:F43.0,,,,,Diagnosis,N/A,
c80f1605-ffc2-4a22-96c6-d9fa04b5bcca,,[F43.1] Post-traumatic stress disorder,,ICD 10 - WHO:F43.1,,,,,Diagnosis,N/A,
5353de76-eebd-4804-9218-4bbdad547e7d,,[F43.2] Adjustment disorders,,ICD 10 - WHO:F43.2,,,,,Diagnosis,N/A,
e1a6cac9-df53-4948-8e39-c0a1c7a19881,,[F43.20] Brief depressive reaction,,ICD 10 - WHO:F43.20,,,,,Diagnosis,N/A,
8d8de0e9-95c6-44ae-aa7c-a210b0e5dd57,,[F43.21] Prolonged depressive reaction,,ICD 10 - WHO:F43.21,,,,,Diagnosis,N/A,
9e111c60-d135-476c-a1a5-af0f6bca8cb0,,[F43.22] Mixed anxiety and depressive reaction,,ICD 10 - WHO:F43.22,,,,,Diagnosis,N/A,
555974ea-7a77-463d-af65-0ec8b967243f,,[F43.23] Adjustment disorders with predominant disturbance of other emotions,,ICD 10 - WHO:F43.23,,,,,Diagnosis,N/A,
d4c074b9-f049-4c2d-9eaa-8b3d034df774,,[F43.24] Adjustment disorders with predominant disturbance of conduct,,ICD 10 - WHO:F43.24,,,,,Diagnosis,N/A,
dc7e28c4-5c84-4340-877f-b2ed8300da1d,,[F43.25] Adjustment disorders with mixed disturbance of emotions and conduct,,ICD 10 - WHO:F43.25,,,,,Diagnosis,N/A,
f3c074f1-87a3-4db2-8e88-6e1172c4162d,,[F43.28] Adjustment disorders with other specified predominant symptoms,,ICD 10 - WHO:F43.28,,,,,Diagnosis,N/A,
3eeef6a7-0784-4b35-855b-5eceffa0d3e7,,[F43.8] Other reactions to severe stress,,ICD 10 - WHO:F43.8,,,,,Diagnosis,N/A,
a167f6dd-6a64-4a16-9a79-8cba4010b05a,,"[F43.9] Reaction to severe stress, unspecified",,ICD 10 - WHO:F43.9,,,,,Diagnosis,N/A,
e5b9275b-556e-458c-8317-d9af880b5400,,[F44.0] Dissociative amnesia,,ICD 10 - WHO:F44.0,,,,,Diagnosis,N/A,
cb737770-e15d-4e9c-8cf6-ebed84d8bcc8,,[F44.1] Dissociative fugue,,ICD 10 - WHO:F44.1,,,,,Diagnosis,N/A,
1bd70bc1-ed5a-4b78-961a-1c75518b3760,,[F44.2] Dissociative stupor,,ICD 10 - WHO:F44.2,,,,,Diagnosis,N/A,
cdf9793c-b2ba-4698-b2bd-8452cddf7df3,,[F44.3] Trance and possession disorders,,ICD 10 - WHO:F44.3,,,,,Diagnosis,N/A,
94ccd47e-bf9e-4e33-8783-ca69043b4548,,[F44.4] Dissociative motor disorders,,ICD 10 - WHO:F44.4,,,,,Diagnosis,N/A,
05623248-e0e1-4bfc-91c3-5d942cc5988c,,[F44.5] Dissociative convulsions,,ICD 10 - WHO:F44.5,,,,,Diagnosis,N/A,
b0774332-a655-48db-8301-7039275bb77c,,[F44.6] Dissociative anaesthesia and sensory loss,,ICD 10 - WHO:F44.6,,,,,Diagnosis,N/A,
941adf7a-076f-495a-a770-6bad12ec2bb3,,[F44.7] Mixed dissociative [conversion] disorders,,ICD 10 - WHO:F44.7,,,,,Diagnosis,N/A,
e292fc67-81fa-469e-851a-6492795ea6c5,,[F44.80] Ganser's syndrome,,ICD 10 - WHO:F44.80,,,,,Diagnosis,N/A,
928ead57-7fdd-4183-bc0b-a1f58fbc6505,,[F44.81] Multiple personality disorder,,ICD 10 - WHO:F44.81,,,,,Diagnosis,N/A,
e753e4a2-3eb6-4911-b40d-9f39835da784,,[F44.82] Transient dissociative (conversion) disorders occurring in childhood and adolescence,,ICD 10 - WHO:F44.82,,,,,Diagnosis,N/A,
f421b79b-56eb-4a0e-92db-9661f15bbfa2,,[F44.88] Other specified dissociative [conversion] disorders,,ICD 10 - WHO:F44.88,,,,,Diagnosis,N/A,
5e4617d9-e5eb-4710-a67c-d12b792449a0,,"[F44.9] Dissociative [conversion] disorder, unspecified",,ICD 10 - WHO:F44.9,,,,,Diagnosis,N/A,
9a93e2b0-8fca-47f0-9e86-2026ee3e414b,,[F45.0] Somatisation disorder,,ICD 10 - WHO:F45.0,,,,,Diagnosis,N/A,
0e65383b-1bc3-405c-9211-26f0c6b771db,,[F45.1] Undifferentiated somatoform disorder,,ICD 10 - WHO:F45.1,,,,,Diagnosis,N/A,
d9ee079c-b6d4-46d5-ac41-4556caae47c0,,[F45.2] Hypochondriacal disorder,,ICD 10 - WHO:F45.2,,,,,Diagnosis,N/A,
2db53c6f-758b-419f-bf32-01abcee22b83,,[F45.3] Somatoform autonomic dysfunction,,ICD 10 - WHO:F45.3,,,,,Diagnosis,N/A,
63e16a5a-098d-4f4d-a689-0e1cbf6f4059,,[F45.30] Somatoform autonomic dysfunction - Heart and cardiovascular system,,ICD 10 - WHO:F45.30,,,,,Diagnosis,N/A,
b218f24d-197f-4440-9030-f95586c70262,,[F45.31] Somatoform autonomic dysfunction - Upper gastrointestinal tract,,ICD 10 - WHO:F45.31,,,,,Diagnosis,N/A,
604248c5-84fd-4b35-9068-a3dfbe9de0f4,,[F45.32] Somatoform autonomic dysfunction - Lower gastrointestinal tract,,ICD 10 - WHO:F45.32,,,,,Diagnosis,N/A,
86fd4675-d8dd-4049-b580-84cfc753f2a6,,[F45.33] Somatoform autonomic dysfunction - Respiratory system,,ICD 10 - WHO:F45.33,,,,,Diagnosis,N/A,
44791d61-b043-43c6-8b0a-da2421e081d7,,[F45.34] Somatoform autonomic dysfunction - Genitourinary system,,ICD 10 - WHO:F45.34,,,,,Diagnosis,N/A,
9131b3bc-068b-43ea-8700-1e2d17e1959d,,[F45.38] Somatoform autonomic dysfunction - Other organ or system,,ICD 10 - WHO:F45.38,,,,,Diagnosis,N/A,
6a65da45-dc36-4ad7-b19c-a95a34d4ce28,,[F45.4] Persistent somatoform pain disorder,,ICD 10 - WHO:F45.4,,,,,Diagnosis,N/A,
b888b9bb-318b-438e-a789-1c5960b929d0,,[F45.8] Other somatoform disorders,,ICD 10 - WHO:F45.8,,,,,Diagnosis,N/A,
0fc117ae-943c-4bbb-a497-4a4ba4bba7bd,,"[F45.9] Somatoform disorder, unspecified",,ICD 10 - WHO:F45.9,,,,,Diagnosis,N/A,
5a9c5bf1-22a0-411c-94f5-60eb8d7fe19d,,[F48.0] Neurasthenia,,ICD 10 - WHO:F48.0,,,,,Diagnosis,N/A,
92659f54-c170-4f3f-ad37-ce804bc550e6,,[F48.1] Depersonalization - derealisation syndrome,,ICD 10 - WHO:F48.1,,,,,Diagnosis,N/A,
19bcd311-1618-4f2a-a32e-b9b7341411cd,,[F48.8] Other specified neurotic disorders,,ICD 10 - WHO:F48.8,,,,,Diagnosis,N/A,
14e04022-3dba-4618-9059-38190a1c605b,,"[F48.9] Neurotic disorder, unspecified",,ICD 10 - WHO:F48.9,,,,,Diagnosis,N/A,
fe47add6-7cbd-480e-a615-230505249ef4,,[F50.0] Anorexia nervosa,,ICD 10 - WHO:F50.0,,,,,Diagnosis,N/A,
69034554-b606-4e52-80e6-ee70f200e69a,,[F50.1] Atypical anorexia nervosa,,ICD 10 - WHO:F50.1,,,,,Diagnosis,N/A,
2eb21062-a0e7-4e6a-b473-455b58e13fdd,,[F50.2] Bulimia nervosa,,ICD 10 - WHO:F50.2,,,,,Diagnosis,N/A,
61253453-01f1-4289-8f23-8e4851ff80c5,,[F50.3] Atypical bulimia nervosa,,ICD 10 - WHO:F50.3,,,,,Diagnosis,N/A,
657196d5-f2f3-4740-8b2b-b7db346d6ad1,,[F50.4] Overeating associated with other psychological disturbances,,ICD 10 - WHO:F50.4,,,,,Diagnosis,N/A,
8075e04a-df0e-4ae1-8f09-abfefae7c835,,[F50.5] Vomiting associated with other psychological disturbances,,ICD 10 - WHO:F50.5,,,,,Diagnosis,N/A,
66cc8b27-fa77-49da-91a4-56181c16e6ad,,[F50.8] Other eating disorders,,ICD 10 - WHO:F50.8,,,,,Diagnosis,N/A,
a2884ff0-c298-4186-8455-ac9387644d62,,"[F50.9] Eating disorder, unspecified",,ICD 10 - WHO:F50.9,,,,,Diagnosis,N/A,
47aba6f0-fc68-428f-b5d6-e99673f2e252,,[F51.0] Nonorganic insomnia,,ICD 10 - WHO:F51.0,,,,,Diagnosis,N/A,
5fa7954a-3869-45b7-b3dd-936879f3e561,,[F51.1] Nonorganic hypersomnia,,ICD 10 - WHO:F51.1,,,,,Diagnosis,N/A,
466697d2-92c1-4d68-85d0-a47d30bbac25,,[F51.2] Nonorganic disorder of the sleep-wake schedule,,ICD 10 - WHO:F51.2,,,,,Diagnosis,N/A,
76291b6a-8bd5-4be5-aeff-c64ad4efbf52,,[F51.3] Sleepwalking (somnambulism),,ICD 10 - WHO:F51.3,,,,,Diagnosis,N/A,
11e68487-aba0-40d6-b2a9-4bf65f723a7c,,[F51.4] Sleep terrors (night terrors),,ICD 10 - WHO:F51.4,,,,,Diagnosis,N/A,
e6bec992-87dd-4e15-ba23-85331dbeb96e,,[F51.5] Nightmares,,ICD 10 - WHO:F51.5,,,,,Diagnosis,N/A,
dfb94bd5-3191-409a-a049-831cce8e6d11,,[F51.8] Other nonorganic sleep disorders,,ICD 10 - WHO:F51.8,,,,,Diagnosis,N/A,
4f03734b-4cf7-4f7d-9111-1e25974eebc2,,"[F51.9] Nonorganic sleep disorder, unspecified",,ICD 10 - WHO:F51.9,,,,,Diagnosis,N/A,
a9745eef-7c75-4a42-a2b6-dbefd2ccfa2f,,[F52.0] Lack or loss of sexual desire,,ICD 10 - WHO:F52.0,,,,,Diagnosis,N/A,
2610a142-380f-4f68-837b-e783d7c5fd4f,,[F52.1] Sexual aversion and lack of sexual enjoyment,,ICD 10 - WHO:F52.1,,,,,Diagnosis,N/A,
ee7e9f17-1d88-4c75-a829-765f8dc9c8ae,,[F52.10] Sexual aversion,,ICD 10 - WHO:F52.10,,,,,Diagnosis,N/A,
02ec1f97-b50a-41f3-8f9d-adb782ef77b6,,[F52.11] Lack of sexual enjoyment,,ICD 10 - WHO:F52.11,,,,,Diagnosis,N/A,
af9480fd-3b46-444f-b672-ffeb11569e62,,[F52.2] Failure of genital response,,ICD 10 - WHO:F52.2,,,,,Diagnosis,N/A,
f0158a61-f585-4cc6-8389-a83c075e00a3,,[F52.3] Orgasmic dysfunction,,ICD 10 - WHO:F52.3,,,,,Diagnosis,N/A,
6fa7fcb0-41e7-40bb-8163-753c556f6ed4,,[F52.4] Premature ejaculation,,ICD 10 - WHO:F52.4,,,,,Diagnosis,N/A,
8824a791-4774-4d54-a0e7-003da8d771c9,,[F52.5] Nonorganic vaginismus,,ICD 10 - WHO:F52.5,,,,,Diagnosis,N/A,
a73ddfed-6fe4-4939-8a90-2c1ca0d9753c,,[F52.6] Nonorganic dyspareunia,,ICD 10 - WHO:F52.6,,,,,Diagnosis,N/A,
07c3792b-4ea1-4d4b-99e9-59ee68eff9b0,,[F52.7] Excessive sexual drive,,ICD 10 - WHO:F52.7,,,,,Diagnosis,N/A,
5924961d-3b27-432a-8fe9-b564f9ec873a,,"[F52.8] Other sexual dysfunction, not caused by organic disorders or disease",,ICD 10 - WHO:F52.8,,,,,Diagnosis,N/A,
fa93297c-851b-4057-b159-7cf8b260b8d9,,"[F52.9] Unspecified sexual dysfunction, not caused by organic disorder or disease",,ICD 10 - WHO:F52.9,,,,,Diagnosis,N/A,
f5673f68-aa31-4322-b3ae-313eadcdbca2,,"[F53.0] Mild mental and behavioural disorders associated with the puerperium, not elsewhere classified",,ICD 10 - WHO:F53.0,,,,,Diagnosis,N/A,
ea9bf752-608a-4199-af83-e352d21e3471,,"[F53.1] Severe mental and behavioural disorders associated with the puerperium, not elsewhere classified",,ICD 10 - WHO:F53.1,,,,,Diagnosis,N/A,
6875ff80-513b-4c37-95b6-62bdfeb438da,,"[F53.8] Other mental and behavioural disorders associated with the puerperium, not elsewhere classified",,ICD 10 - WHO:F53.8,,,,,Diagnosis,N/A,
b0ab7056-cf48-4af8-b297-79f9d60900b8,,"[F53.9] Puerperal mental disorder, unspecified",,ICD 10 - WHO:F53.9,,,,,Diagnosis,N/A,
1bb35f0f-c781-4778-8a35-9456493d9559,,[F55.0] Antidepressant abuse,,ICD 10 - WHO:F55.0,,,,,Diagnosis,N/A,
e9f6ae3b-41a2-4934-888d-0fd217bd45e5,,[F55.1] Laxative abuse,,ICD 10 - WHO:F55.1,,,,,Diagnosis,N/A,
30490b6d-5567-4d9a-a45f-6ea23336bae1,,[F55.2] Analgesic abuse,,ICD 10 - WHO:F55.2,,,,,Diagnosis,N/A,
3ecd352f-73f8-4c39-b7b2-de9b3d285130,,[F55.3] Antacid abuse,,ICD 10 - WHO:F55.3,,,,,Diagnosis,N/A,
fc8e5e26-fa74-4616-b7ad-02392083cb97,,[F55.4] Abuse of vitamins,,ICD 10 - WHO:F55.4,,,,,Diagnosis,N/A,
686e4a20-dcf9-4eb8-b339-a1ea121a4810,,[F55.5] Abuse of Steroids or hormones,,ICD 10 - WHO:F55.5,,,,,Diagnosis,N/A,
c68dcab1-06fc-4d82-837a-b8523abc1fe1,,[F55.6] Abuse of specific herbal or folk remedies,,ICD 10 - WHO:F55.6,,,,,Diagnosis,N/A,
b33df1e8-17a4-483b-a296-f6de43e326c5,,[F55.8] Abuse of other substances that do not produce dependence,,ICD 10 - WHO:F55.8,,,,,Diagnosis,N/A,
5900afe1-31a3-40b4-bfe6-6a0001b16ea8,,[F60.0] Paranoid personality disorder,,ICD 10 - WHO:F60.0,,,,,Diagnosis,N/A,
ba52397f-cea0-4bcf-b300-ed98553e3b0f,,[F60.1] Schizoid personality disorder,,ICD 10 - WHO:F60.1,,,,,Diagnosis,N/A,
cb820353-52ab-4ad9-8f20-ed2531731e13,,[F60.2] Dissocial personality disorder,,ICD 10 - WHO:F60.2,,,,,Diagnosis,N/A,
5b50cd4b-32ac-463e-83a0-b224e760833d,,[F60.3] Emotionally unstable personality disorder,,ICD 10 - WHO:F60.3,,,,,Diagnosis,N/A,
4ab34578-2c20-48f4-ac33-6db33db0b203,,[F60.30] Emotionally unstable personality disorder - Impulsive type,,ICD 10 - WHO:F60.30,,,,,Diagnosis,N/A,
274e9363-83f9-40cf-801c-d5c07cf60d10,,[F60.31] Emotionally unstable personality disorder - Borderline type,,ICD 10 - WHO:F60.31,,,,,Diagnosis,N/A,
a699b740-d02e-4b13-9142-75a84f2ce3d7,,[F60.4] Histrionic personality disorder,,ICD 10 - WHO:F60.4,,,,,Diagnosis,N/A,
325f7b68-c088-43be-9f85-0f8f62c2c758,,[F60.5] Anankastic personality disorder,,ICD 10 - WHO:F60.5,,,,,Diagnosis,N/A,
31bbcbf5-64a7-4132-a448-ebc97d21adeb,,[F60.6] Anxious [avoidant] personality disorder,,ICD 10 - WHO:F60.6,,,,,Diagnosis,N/A,
546f03ac-6778-4a6c-b1ec-0b9cbd20cd1f,,[F60.7] Dependent personality disorder,,ICD 10 - WHO:F60.7,,,,,Diagnosis,N/A,
1c09332b-3d0d-4e41-8404-0019e1472c76,,[F60.8] Other specific personality disorders,,ICD 10 - WHO:F60.8,,,,,Diagnosis,N/A,
d0a87a06-0a39-4592-8b16-77c3504b68d1,,"[F60.9] Personality disorder, unspecified",,ICD 10 - WHO:F60.9,,,,,Diagnosis,N/A,
9df5125a-19f7-46fd-a87e-5ddcd62784b0,,[F61.0] Mixed personality disorders,,ICD 10 - WHO:F61.0,,,,,Diagnosis,N/A,
00048387-02e0-4344-b3f5-2418f459f787,,[F61.1] Troublesome personality changes,,ICD 10 - WHO:F61.1,,,,,Diagnosis,N/A,
ffe6d6b2-2f40-4606-b754-c232ad0082b3,,[F62.0] Enduring personality change after catastrophic experience,,ICD 10 - WHO:F62.0,,,,,Diagnosis,N/A,
88952f87-d09f-418f-98bf-9b7bed009089,,[F62.1] Enduring personality change after psychiatric illness,,ICD 10 - WHO:F62.1,,,,,Diagnosis,N/A,
8222e538-f63f-4fa1-ac19-b5e30b7fc1c9,,[F62.8] Other enduring personality changes,,ICD 10 - WHO:F62.8,,,,,Diagnosis,N/A,
fb4109d2-d9ce-459e-87e1-2e21dfc68f0c,,"[F62.9] Enduring personality change, unspecified",,ICD 10 - WHO:F62.9,,,,,Diagnosis,N/A,
a7084886-38b0-4fa2-a402-01afb639d890,,[F63.0] Pathological gambling,,ICD 10 - WHO:F63.0,,,,,Diagnosis,N/A,
947f9014-81cd-47b0-8ce0-2a902ba18f16,,[F63.1] Pathological fire-setting (pyromania),,ICD 10 - WHO:F63.1,,,,,Diagnosis,N/A,
8c52c4b5-38f5-44e4-bc57-9d803eddc890,,[F63.2] Pathological stealing (kleptomania),,ICD 10 - WHO:F63.2,,,,,Diagnosis,N/A,
7f062138-82d4-4a0b-9fca-9a03f5768280,,[F63.3] Trichotillomania,,ICD 10 - WHO:F63.3,,,,,Diagnosis,N/A,
9e219a45-9a91-406e-944b-340b33eba41b,,[F63.8] Other habit and impulse disorders,,ICD 10 - WHO:F63.8,,,,,Diagnosis,N/A,
5c8b9943-e360-4913-89ee-00efdfe7478c,,"[F63.9] Habit and impulse disorder, unspecified",,ICD 10 - WHO:F63.9,,,,,Diagnosis,N/A,
07cb3541-8228-4c01-b4dd-8854a1f2269c,,[F64.0] Transsexualism,,ICD 10 - WHO:F64.0,,,,,Diagnosis,N/A,
ae73c16e-734b-4a84-aa4f-abf526d249dc,,[F64.1] Dual-role transvestism,,ICD 10 - WHO:F64.1,,,,,Diagnosis,N/A,
ab9ef181-fd58-45ab-9af2-2099f97a55ab,,[F64.2] Gender identity disorder of childhood,,ICD 10 - WHO:F64.2,,,,,Diagnosis,N/A,
d1b8440b-1b1a-4b7e-98dc-dac6e7389e17,,[F64.8] Other gender identity disorders,,ICD 10 - WHO:F64.8,,,,,Diagnosis,N/A,
7d756b2d-ff03-445f-a313-fb7e8c6f2bd6,,"[F64.9] Gender identity disorder, unspecified",,ICD 10 - WHO:F64.9,,,,,Diagnosis,N/A,
898b01ed-65c6-42df-b267-ebc3d72ab49c,,[F65.0] Fetishism,,ICD 10 - WHO:F65.0,,,,,Diagnosis,N/A,
8d8510cd-099b-49b6-9164-d7884c83de9d,,[F65.1] Fetishistic transvestism,,ICD 10 - WHO:F65.1,,,,,Diagnosis,N/A,
426f6475-fa47-4591-a2a5-011119af0a93,,[F65.2] Exhibitionism,,ICD 10 - WHO:F65.2,,,,,Diagnosis,N/A,
5725d911-3c73-4458-9575-f03bc4ea6b52,,[F65.3] Voyeurism,,ICD 10 - WHO:F65.3,,,,,Diagnosis,N/A,
e4b68f86-cacb-4b94-9c8f-78a625c09c82,,[F65.4] Paedophilia,,ICD 10 - WHO:F65.4,,,,,Diagnosis,N/A,
14d41c66-cf47-4b86-b4e8-a277c2df40e3,,[F65.5] Sadomasochism,,ICD 10 - WHO:F65.5,,,,,Diagnosis,N/A,
57cece49-fed7-43b3-b247-edba67a39391,,[F65.6] Multiple disorders of sexual preference,,ICD 10 - WHO:F65.6,,,,,Diagnosis,N/A,
8e1e72a4-22ec-4301-9ef8-0e9a20776895,,[F65.8] Other disorders of sexual preference,,ICD 10 - WHO:F65.8,,,,,Diagnosis,N/A,
4aa9832c-fad7-4385-b289-b8ad32f63349,,"[F65.9] Disorder of sexual preference, unspecified",,ICD 10 - WHO:F65.9,,,,,Diagnosis,N/A,
50239369-5b05-4f53-b0ca-b247c2397200,,[F66.0] Sexual maturation disorder,,ICD 10 - WHO:F66.0,,,,,Diagnosis,N/A,
2c4107fe-3fff-4a98-b340-49b43b2208c5,,[F66.1] Egodystonic sexual orientation,,ICD 10 - WHO:F66.1,,,,,Diagnosis,N/A,
e9a3958c-da82-4dd0-a17b-c8b4c6a897f3,,[F66.2] Sexual relationship disorder,,ICD 10 - WHO:F66.2,,,,,Diagnosis,N/A,
fa700483-4993-4d5d-a12a-1b61a05e6b33,,[F66.8] Other psychosexual development disorders,,ICD 10 - WHO:F66.8,,,,,Diagnosis,N/A,
394baf4b-e7cc-45e6-a127-39cdcfde4717,,"[F66.9] Psychosexual development disorder, unspecified",,ICD 10 - WHO:F66.9,,,,,Diagnosis,N/A,
69d3a394-4536-494a-b18c-f27e7b7810ed,,[F68.0] Elaboration of physical symptoms for psychological reasons,,ICD 10 - WHO:F68.0,,,,,Diagnosis,N/A,
2fe7a271-4ecf-445f-a193-124361f95f6b,,[F68.1] Intentional production or feigning of symptoms or disabilities either physical or psychological (factitious disorder),,ICD 10 - WHO:F68.1,,,,,Diagnosis,N/A,
2cb0e2b9-426e-49e8-a061-310cf97499f6,,[F68.8] Other specified disorders of adult personality and behaviour,,ICD 10 - WHO:F68.8,,,,,Diagnosis,N/A,
197a32e5-8cd0-4ad7-9d74-4725d70bedc1,,[F70] Mild mental retardation,,ICD 10 - WHO:F70,,,,,Diagnosis,N/A,
cb997d59-afdf-49a0-943f-8f949ec57db2,,[F71] Moderate mental retardation,,ICD 10 - WHO:F71,,,,,Diagnosis,N/A,
ff8f6f03-d009-4568-a719-847b92842e6b,,[F72] Severe mental retardation,,ICD 10 - WHO:F72,,,,,Diagnosis,N/A,
c8f3f980-b424-43c2-b396-cfe787f37d2c,,[F73] Profound mental retardation,,ICD 10 - WHO:F73,,,,,Diagnosis,N/A,
642cc247-c7f6-467d-8918-dfa015568657,,"[F70.0] Mild mental retardation with no, or minimal, impairment of behaviour",,ICD 10 - WHO:F70.0,,,,,Diagnosis,N/A,
b58c15c0-6ee3-46c5-b771-d4d7adb22936,,[F70.1] Mild mental retardation with significant impairment of behaviour requiring attention or treatment,,ICD 10 - WHO:F70.1,,,,,Diagnosis,N/A,
f0adc38c-ab5b-4f0a-8f60-8de62930f1c4,,[F70.8] Mild mental retardation with other impairments of behaviour,,ICD 10 - WHO:F70.8,,,,,Diagnosis,N/A,
e2ae8753-885b-4535-b28f-c6df42ff1a03,,[F70.9] Mild mental retardation without mention of impairment of behaviour,,ICD 10 - WHO:F70.9,,,,,Diagnosis,N/A,
8e23d849-55d8-44c6-a7e2-6a8cb5f9e911,,"[F71.0] Moderate mental retardation with no, or minimal, impairment of behaviour",,ICD 10 - WHO:F71.0,,,,,Diagnosis,N/A,
7aae8acb-9860-4608-ac20-7e1b153c55bc,,[F71.1] Moderate mental retardation with significant impairment of behaviour requiring attention or treatment,,ICD 10 - WHO:F71.1,,,,,Diagnosis,N/A,
f944b2aa-e1cb-4b7a-87a2-212c46d44162,,[F71.8] Moderate mental retardation with other impairments of behaviour,,ICD 10 - WHO:F71.8,,,,,Diagnosis,N/A,
0cbb78a8-81b8-44cc-b1f1-866282306911,,[F71.9] Moderate mental retardation without mention of impairment of behaviour,,ICD 10 - WHO:F71.9,,,,,Diagnosis,N/A,
ceb6c597-0f28-4ed7-9baa-4918c0d683cf,,"[F72.0] Severe mental retardation with no or minimal, impairment of behaviour",,ICD 10 - WHO:F72.0,,,,,Diagnosis,N/A,
7e854237-6b36-49eb-96fb-374bd46909ea,,[F72.1] Severe mental retardation significant impairment of behaviour requiring attention or treatment,,ICD 10 - WHO:F72.1,,,,,Diagnosis,N/A,
0003a353-6925-4cd3-a4fe-3abc505dbea2,,[F72.8] Severe mental retardation with other impairments of behaviour,,ICD 10 - WHO:F72.8,,,,,Diagnosis,N/A,
e224e23b-5705-4834-8db1-0e5daaf9653a,,[F72.9] Severe mental retardation without mention of impairment of behaviour,,ICD 10 - WHO:F72.9,,,,,Diagnosis,N/A,
590acda4-a4a1-44af-81ef-370b04519b75,,"[F73.0] Profound mental retardation with no, or minimal, impairment of behaviour",,ICD 10 - WHO:F73.0,,,,,Diagnosis,N/A,
a0b06769-266b-46ad-a560-9388797cf336,,[F73.1] Profound mental retardation with significant impairment of behaviour requiring attention or treatment,,ICD 10 - WHO:F73.1,,,,,Diagnosis,N/A,
8081e99b-2b9c-41ae-97a5-6de473fbf701,,[F73.8] Profound mental retardation with other impairments of behaviour,,ICD 10 - WHO:F73.8,,,,,Diagnosis,N/A,
7876a751-98dd-4b36-a4d6-4e84ac5e6c2f,,[F73.9] Profound mental retardation without mention of impairment of behaviour,,ICD 10 - WHO:F73.9,,,,,Diagnosis,N/A,
b8110c61-3fdf-4ea9-a4f7-7ffd5a13e447,,[F80.0] Specific speech articulation disorder,,ICD 10 - WHO:F80.0,,,,,Diagnosis,N/A,
41973f0a-5a67-41c2-885f-8387d25bbac4,,[F80.1] Expressive language disorder,,ICD 10 - WHO:F80.1,,,,,Diagnosis,N/A,
69317a16-2201-401e-bd83-1791ea2ab4e0,,[F80.2] Receptive language disorder,,ICD 10 - WHO:F80.2,,,,,Diagnosis,N/A,
16456833-e3b6-4635-8d5d-bc4049496c7a,,[F80.3] Acquired aphasia with epilepsy (Landau-Kleffner syndrome),,ICD 10 - WHO:F80.3,,,,,Diagnosis,N/A,
be2b50ea-705f-4c55-8b8a-6440927af46d,,[F80.8] Other developmental disorders of speech and language,,ICD 10 - WHO:F80.8,,,,,Diagnosis,N/A,
b0efdd76-ef6a-4970-87ca-a94b37b5a53c,,"[F80.9] Developmental disorder of speech and language, unspecified",,ICD 10 - WHO:F80.9,,,,,Diagnosis,N/A,
520cb6a3-46ee-4343-9581-25ab0b9226ce,,[F81.0] Specific reading disorder,,ICD 10 - WHO:F81.0,,,,,Diagnosis,N/A,
e6598f16-4a44-4925-ab18-3db3a9333d1e,,[F81.1] Specific spelling disorder,,ICD 10 - WHO:F81.1,,,,,Diagnosis,N/A,
107870cf-d851-416f-8bc6-975f5f17a0d3,,[F81.2] Specific disorder of arithmetical skills,,ICD 10 - WHO:F81.2,,,,,Diagnosis,N/A,
67c66256-e5e9-433a-a72c-6ebe3809c639,,[F81.3] Mixed disorder of scholastic skills,,ICD 10 - WHO:F81.3,,,,,Diagnosis,N/A,
863bafd1-21a8-4b63-9169-024aea45647e,,[F81.8] Other developmental disorders of scholastic skills,,ICD 10 - WHO:F81.8,,,,,Diagnosis,N/A,
535aa797-1b2e-4c22-a6e8-a272bdafeba0,,"[F81.9] Developmental disorder of scholastic skills, unspecified",,ICD 10 - WHO:F81.9,,,,,Diagnosis,N/A,
0c13026b-560a-4e08-a8b1-1be91009e7cd,,[F82] Specific developmental disorder of motor function,,ICD 10 - WHO:F82,,,,,Diagnosis,N/A,
e2593b0a-0a25-4856-940e-23143cc3dbff,,[F83] Mixed specific developmental disorders,,ICD 10 - WHO:F83,,,,,Diagnosis,N/A,
e4ecbaed-5e5b-4f34-b202-fa22f9de9893,,[F84] Pervasive developmental disorders,,ICD 10 - WHO:F84,,,,,Diagnosis,N/A,
66006945-d101-4c0a-bd89-2f268b3326f6,,[F84.0] Childhood autism,,ICD 10 - WHO:F84.0,,,,,Diagnosis,N/A,
967a0198-b814-4b1d-9f37-35161a6d0eb7,,[F84.1] Atypical autism,,ICD 10 - WHO:F84.1,,,,,Diagnosis,N/A,
0ac810b0-f802-4fba-9150-255df145f68d,,[F84.2] Rett's syndrome,,ICD 10 - WHO:F84.2,,,,,Diagnosis,N/A,
7f971738-beb4-40db-9830-98d57e20111f,,[F84.3] Other childhood disintegrative disorder,,ICD 10 - WHO:F84.3,,,,,Diagnosis,N/A,
fb34f171-327e-441f-be5f-0033a230bbcf,,[F84.4] Overactive disorder associated with mental retardation and stereotyped movements,,ICD 10 - WHO:F84.4,,,,,Diagnosis,N/A,
f308bff7-97fa-451b-92b9-061b1ee39e0f,,[F84.5] Asperger's syndrome,,ICD 10 - WHO:F84.5,,,,,Diagnosis,N/A,
0fc33c5f-5a4e-42ae-a740-5affe52c3625,,[F84.8] Other pervasive developmental disorders,,ICD 10 - WHO:F84.8,,,,,Diagnosis,N/A,
8f66cd78-5224-4592-be8e-77a53a344aab,,"[F84.9] Pervasive developmental disorder, unspecified",,ICD 10 - WHO:F84.9,,,,,Diagnosis,N/A,
b401794d-3412-47d6-ae3e-a435b5ebd5b8,,[F90.0] Disturbance of activity and attention,,ICD 10 - WHO:F90.0,,,,,Diagnosis,N/A,
003b4a21-c6e5-4d9b-b127-42d5a154fc67,,[F90.1] Hyperkinetic conduct disorder,,ICD 10 - WHO:F90.1,,,,,Diagnosis,N/A,
6ac310fe-997a-4d3e-9493-cdc4710cad83,,[F90.8] Other hyperkinetic disorders,,ICD 10 - WHO:F90.8,,,,,Diagnosis,N/A,
b36ffef2-1428-4063-8cbb-20b34428c3ae,,"[F90.9] Hyperkinetic disorder, unspecified",,ICD 10 - WHO:F90.9,,,,,Diagnosis,N/A,
8f9624b2-b5fc-4324-81db-98810b5a3dbf,,[F91.0] Conduct disorder confined to the family context,,ICD 10 - WHO:F91.0,,,,,Diagnosis,N/A,
2298ba38-9569-4707-908e-bcb19c8e21da,,[F91.1] Unsocialized conduct disorder,,ICD 10 - WHO:F91.1,,,,,Diagnosis,N/A,
b6777cdd-fd31-43c2-a4fa-7687ad758a93,,[F91.2] Socialized conduct disorder,,ICD 10 - WHO:F91.2,,,,,Diagnosis,N/A,
fd4703ec-9360-4b1a-b88f-3b99b912c0c7,,[F91.3] Oppositional defiant disorder,,ICD 10 - WHO:F91.3,,,,,Diagnosis,N/A,
9882e0ea-c3fe-4dd7-9557-807e87921076,,[F91.8] Other conduct disorders,,ICD 10 - WHO:F91.8,,,,,Diagnosis,N/A,
29654645-443e-44d0-922e-7c4150376b8e,,"[F91.9] Conduct disorder, unspecified",,ICD 10 - WHO:F91.9,,,,,Diagnosis,N/A,
e41b523b-a6c7-4e57-a675-6ccc59bc38d9,,[F92.0] Depressive conduct disorder,,ICD 10 - WHO:F92.0,,,,,Diagnosis,N/A,
09308f1d-1ce8-44bf-9621-b49b54d51b55,,[F92.8] Other mixed disorders of conduct and emotions,,ICD 10 - WHO:F92.8,,,,,Diagnosis,N/A,
d1adeea6-0649-4bf3-b518-38d63330256b,,"[F92.9] Mixed disorder of conduct and emotions, unspecified",,ICD 10 - WHO:F92.9,,,,,Diagnosis,N/A,
e32433b1-42c3-4886-a683-790dd593ffd1,,[F93.0] Separation anxiety disorder of childhood,,ICD 10 - WHO:F93.0,,,,,Diagnosis,N/A,
934db951-e183-4a2d-bd03-9228b39ac967,,[F93.1] Phobic anxiety disorder of childhood,,ICD 10 - WHO:F93.1,,,,,Diagnosis,N/A,
61bdfe33-4306-4a78-a7c2-f49a8a5eae90,,[F93.2] Social anxiety disorder of childhood,,ICD 10 - WHO:F93.2,,,,,Diagnosis,N/A,
30a018d5-c0f8-48b8-8ce6-c4e44e07d505,,[F93.3] Sibling rivalry disorder,,ICD 10 - WHO:F93.3,,,,,Diagnosis,N/A,
2d1d0429-1d65-4585-afd3-5475003218f5,,[F93.8] Other childhood emotional disorders,,ICD 10 - WHO:F93.8,,,,,Diagnosis,N/A,
8ca3f8f5-18a8-4f09-95b5-63250738fba5,,"[F93.9] Childhood emotional disorder, unspecified",,ICD 10 - WHO:F93.9,,,,,Diagnosis,N/A,
95594257-19e5-443b-b359-7e861a0deed1,,[F94.0] Elective mutism,,ICD 10 - WHO:F94.0,,,,,Diagnosis,N/A,
0b898b29-1632-4fec-955d-09c00deeb1c4,,[F94.1] Reactive attachment disorder of childhood,,ICD 10 - WHO:F94.1,,,,,Diagnosis,N/A,
00d8738f-ed7a-498f-802c-9d84a8fd5a30,,[F94.2] Disinhibited attachment disorder of childhood,,ICD 10 - WHO:F94.2,,,,,Diagnosis,N/A,
11ac9649-7412-4151-8c98-1a9ca5ae863f,,[F94.8] Other childhood disorders of social functioning,,ICD 10 - WHO:F94.8,,,,,Diagnosis,N/A,
00771600-406a-4823-927d-f4ccbb62c382,,"[F94.9] Childhood disorder of social functioning, unspecified",,ICD 10 - WHO:F94.9,,,,,Diagnosis,N/A,
5b80392c-e692-4643-a277-683854c82185,,[F95.0] Transient tic disorder,,ICD 10 - WHO:F95.0,,,,,Diagnosis,N/A,
ce945e92-097d-4c79-bc5d-4a66bd426d85,,[F95.1] Chronic motor or vocal tic disorder,,ICD 10 - WHO:F95.1,,,,,Diagnosis,N/A,
40f7ed20-cc9f-408c-8591-58d2ca3f224d,,[F95.2] Combined vocal and multiple motor tic disorder (de la Tourette's syndrome),,ICD 10 - WHO:F95.2,,,,,Diagnosis,N/A,
c9cac08c-dbce-43f5-87c5-af946c115bf6,,[F95.8] Other tic disorders,,ICD 10 - WHO:F95.8,,,,,Diagnosis,N/A,
79507ad8-7b16-4fa3-afc4-1527e6d5363b,,"[F95.9] Tic disorder, unspecified",,ICD 10 - WHO:F95.9,,,,,Diagnosis,N/A,
f23f1198-0046-4dc8-a671-e6ae63286448,,[F98.0] Nonorganic enuresis,,ICD 10 - WHO:F98.0,,,,,Diagnosis,N/A,
5a769930-2060-4c87-aded-834a948eb91e,,[F98.1] Nonorganic encopresis,,ICD 10 - WHO:F98.1,,,,,Diagnosis,N/A,
59a88cd4-ef14-490e-80df-2e27d6baed31,,[F98.2] Feeding disorder of infancy and childhood,,ICD 10 - WHO:F98.2,,,,,Diagnosis,N/A,
a08515e0-f80b-434a-bede-de3ff0f293c3,,[F98.3] Pica of infancy and childhood,,ICD 10 - WHO:F98.3,,,,,Diagnosis,N/A,
5a889721-b2d7-4bc5-85cd-d711cb13a012,,[F98.4] Stereotyped movement disorders,,ICD 10 - WHO:F98.4,,,,,Diagnosis,N/A,
79de7602-ba46-46a1-8f60-d64cd331a1d1,,[F98.5] Stuttering [stammering],,ICD 10 - WHO:F98.5,,,,,Diagnosis,N/A,
cf2288d3-f5c4-449b-8602-7f5795bf1c75,,[F98.6] Cluttering,,ICD 10 - WHO:F98.6,,,,,Diagnosis,N/A,
8b90b86a-eaf1-4eb6-a8ab-4f10be4d557b,,[F98.8] Other specified behavioural and emotional disorders with onset usually occurring in childhood and adolescence,,ICD 10 - WHO:F98.8,,,,,Diagnosis,N/A,
ce6c03e9-c552-42d6-b6e6-a86405c31cc5,,[F98.9] Unspecified behavioural and emotional disorders with onset usually occurring in childhood and adolescence,,ICD 10 - WHO:F98.9,,,,,Diagnosis,N/A,