GHANA,ASHANTI,Adansi North District
GHANA,ASHANTI,Adansi South District
GHANA,ASHANTI,Afigya Kwabre District
GHANA,ASHANTI,Ahafo Ano North Municipal
GHANA,ASHANTI,Ahafo Ano South West District
GHANA,ASHANTI,Amansie Central District
GHANA,ASHANTI,Amansie West District
GHANA,ASHANTI,Asante Akim Central Municipal
GHANA,ASHANTI,Asante Akim North District
GHANA,ASHANTI,Asante Akim South Municipal
GHANA,ASHANTI,Asokore Mampong Municipal
GHANA,ASHANTI,Atwima Kwanwoma District
GHANA,ASHANTI,Atwima Mponua District
GHANA,ASHANTI,Atwima Nwabiagya Municipal
GHANA,ASHANTI,Bekwai Municipal
GHANA,ASHANTI,Bosome Freho District
GHANA,ASHANTI,Bosomtwe District
GHANA,ASHANTI,Ejisu Municipal
GHANA,ASHANTI,Ejura Sekyedumase Municipal
GHANA,ASHANTI,Kumasi Metropolitan
GHANA,ASHANTI,Kwabre East Municipal
GHANA,ASHANTI,Mampong Municipal
GHANA,ASHANTI,Obuasi Municipal
GHANA,ASHANTI,Offinso Municipal
GHANA,ASHANTI,Offinso North District
GHANA,ASHANTI,Sekyere Afram Plains District
GHANA,ASHANTI,Sekyere Central District
GHANA,ASHANTI,Sekyere East District
GHANA,ASHANTI,Sekyere Kumawu District
GHANA,ASHANTI,Sekyere South District
GHANA,ASHANTI,Oforikrom Municipal
GHANA,ASHANTI,Kwadaso Municipal
GHANA,ASHANTI,Old Tafo Municipal
GHANA,ASHANTI,Asokwa Municipal
GHANA,ASHANTI,Suame Municipal
GHANA,ASHANTI,Juaben Municipal
GHANA,ASHANTI,Ahafo Ano South East District
GHANA,ASHANTI,Amansie South District
GHANA,ASHANTI,Atwima Nwabiagya North District
GHANA,ASHANTI,Akrofuom District
GHANA,ASHANTI,Adansi Asokwa District
GHANA,ASHANTI,Obuasi East District
GHANA,ASHANTI,Afigya Kwabre North District
GHANA,BONO,Banda District
GHANA,BONO,Berekum East Municipal
GHANA,BONO,Dormaa Central Municipal
GHANA,BONO,Dormaa East District
GHANA,BONO,Dormaa West District
GHANA,BONO,Jaman North District
GHANA,BONO,Jaman South Municipal
GHANA,BONO,Sunyani Municipal
GHANA,BONO,Sunyani West District
GHANA,BONO,Tain District
GHANA,BONO,Wenchi Municipal
GHANA,BONO,Berekum West District
GHANA,BONO EAST,Atebubu Amantin Municipal
GHANA,BONO EAST,Kintampo North Municipal
GHANA,BONO EAST,Kintampo South District
GHANA,BONO EAST,Nkoranza South Municipal
GHANA,BONO EAST,Nkoranza North District
GHANA,BONO EAST,Pru East District
GHANA,BONO EAST,Sene East District
GHANA,BONO EAST,Sene West District
GHANA,BONO EAST,Techiman Municipal
GHANA,BONO EAST,Techiman North District
GHANA,BONO EAST,Pru West District
GHANA,AHAFO,Asunafo North Municipal
GHANA,AHAFO,Asunafo South District
GHANA,AHAFO,Asutifi North District
GHANA,AHAFO,Asutifi South District
GHANA,AHAFO,Tano North Municipal
GHANA,AHAFO,Tano South Municipal
GHANA,CENTRAL,Abura Asebu Kwamankese District
GHANA,CENTRAL,Agona East District
GHANA,CENTRAL,Agona West Municipal
GHANA,CENTRAL,Ajumako Enyan Essiam District
GHANA,CENTRAL,Asikuma Odoben Brankwa District
GHANA,CENTRAL,Assin Central Municipal
GHANA,CENTRAL,Assin South District
GHANA,CENTRAL,Awutu Senya East Municipal
GHANA,CENTRAL,Awutu Senya West District
GHANA,CENTRAL,Cape Coast Metropolitan
GHANA,CENTRAL,Effutu Municipal
GHANA,CENTRAL,Ekumfi District
GHANA,CENTRAL,Gomoa Central District
GHANA,CENTRAL,Gomoa West District
GHANA,CENTRAL,Komenda Edina Eguafo Abirem Municipal
GHANA,CENTRAL,Mfantseman Municipal
GHANA,CENTRAL,Twifo Atti Morkwa District
GHANA,CENTRAL,Twifo Heman Lower Denkyira District
GHANA,CENTRAL,Upper Denkyira East Municipal
GHANA,CENTRAL,Upper Denkyira West District
GHANA,CENTRAL,Assin North District
GHANA,CENTRAL,Gomoa East District
GHANA,EASTERN,Akuapem North Municipal
GHANA,EASTERN,Akuapim South District
GHANA,EASTERN,Akyemansa District
GHANA,EASTERN,Asuogyaman District
GHANA,EASTERN,Atiwa West District
GHANA,EASTERN,Ayensuano District
GHANA,EASTERN,Birim Central Municipal
GHANA,EASTERN,Birim North District
GHANA,EASTERN,Birim South District
GHANA,EASTERN,Denkyembour District
GHANA,EASTERN,Abuakwa South Municipal
GHANA,EASTERN,Fanteakwa North District
GHANA,EASTERN,Kwaebibirem Municipal
GHANA,EASTERN,Kwahu Afram Plains North District
GHANA,EASTERN,Kwahu Afram Plains South District
GHANA,EASTERN,Kwahu East District
GHANA,EASTERN,Kwahu South District
GHANA,EASTERN,Kwahu West Municipal
GHANA,EASTERN,Lower Manya Krobo Municipal
GHANA,EASTERN,New Juaben South Municipal
GHANA,EASTERN,Nsawam Adoagyiri Municipal
GHANA,EASTERN,Suhum Municipal
GHANA,EASTERN,Upper Manya Krobo District
GHANA,EASTERN,UPPER WESTest Akim District
GHANA,EASTERN,West Akim Municipal
GHANA,EASTERN,Yilo Krobo Municipal
GHANA,EASTERN,Okere District
GHANA,EASTERN,Atiwa East District
GHANA,EASTERN,Fanteakwa South District
GHANA,EASTERN,Asene Manso Akroso District
GHANA,EASTERN,Abuakwa North Municipal
GHANA,EASTERN,New Juaben North Municipal
GHANA,EASTERN,Achiase District
GHANA,G. ACCRA,Accra Metropolitan
GHANA,G. ACCRA,Ada West District
GHANA,G. ACCRA,Ada East District
GHANA,G. ACCRA,Adentan Municipal
GHANA,G. ACCRA,Ashaiman Municipal
GHANA,G. ACCRA,Ga Central Municipal
GHANA,G. ACCRA,Ga South Municipal
GHANA,G. ACCRA,Ga East Municipal
GHANA,G. ACCRA,Ga West Municipal
GHANA,G. ACCRA,La Dade Kotopon Municipal
GHANA,G. ACCRA,Ledzekuku Municipal
GHANA,G. ACCRA,La Nkwantanang Madina Municipal
GHANA,G. ACCRA,Ningo Prampram District
GHANA,G. ACCRA,Shai Osudoku District
GHANA,G. ACCRA,Tema Metropolitan
GHANA,G. ACCRA,Kpone Katamanso Municipal
GHANA,G. ACCRA,Okaikwei North Municipal
GHANA,G. ACCRA,Ablekuma North Municipal
GHANA,G. ACCRA,Ablekuma West Municipal
GHANA,G. ACCRA,Ayawaso East Municipal
GHANA,G. ACCRA,Ayawaso North Municipal
GHANA,G. ACCRA,Ayawaso West Municipal
GHANA,G. ACCRA,Ga North Municipal
GHANA,G. ACCRA,Weija Gbawe Municipal
GHANA,G. ACCRA,Tema West Municipal
GHANA,G. ACCRA,Krowor Municipal
GHANA,G. ACCRA,Korle Klottey Municipal
GHANA,G. ACCRA,Ablekuma Central Municipal
GHANA,G. ACCRA,Ayawaso Central Municipal
GHANA,NORTHERN,Gushegu Municipal
GHANA,NORTHERN,Karaga District
GHANA,NORTHERN,Kpandai District
GHANA,NORTHERN,Kumbungu District
GHANA,NORTHERN,Mion District
GHANA,NORTHERN,Nanumba North Municipal
GHANA,NORTHERN,Nanumba South District
GHANA,NORTHERN,Saboba District
GHANA,NORTHERN,Sagnarigu Municipal
GHANA,NORTHERN,Savelugu Municipal
GHANA,NORTHERN,Tamale Metropolitan
GHANA,NORTHERN,Tatale/Sanguli District
GHANA,NORTHERN,Tolon District
GHANA,NORTHERN,Yendi Municipal
GHANA,NORTHERN,Zabzugu District
GHANA,NORTHERN,Nanton District
GHANA,NORTH EAST,Bunkpurugu Nyankpanduri District
GHANA,NORTH EAST,Chereponi District
GHANA,NORTH EAST,East Mamprusi Municipal
GHANA,NORTH EAST,Mamprugu Moagduri District
GHANA,NORTH EAST,West Mamprusi Municipal
GHANA,NORTH EAST,Yunyoo-Nasuan District
GHANA,SAVANNAH,Bole District
GHANA,SAVANNAH,Central Gonja District
GHANA,SAVANNAH,East Gonja Municipal
GHANA,SAVANNAH,North Gonja District
GHANA,SAVANNAH,Sawla-Tuna-Kalba District
GHANA,SAVANNAH,West Gonja Municipal
GHANA,SAVANNAH,NORTH EASTast Gonja District
GHANA,UPPER EAST,Bawku Municipal
GHANA,UPPER EAST,Bawku West District
GHANA,UPPER EAST,Binduri District
GHANA,UPPER EAST,Bolgatanga Municipal
GHANA,UPPER EAST,Bongo District
GHANA,UPPER EAST,Builsa North Municipal
GHANA,UPPER EAST,Builsa South District
GHANA,UPPER EAST,Garu District
GHANA,UPPER EAST,Kassena Nankana Municipal
GHANA,UPPER EAST,Kassena Nankana West District
GHANA,UPPER EAST,Nabdam District
GHANA,UPPER EAST,Pusiga District
GHANA,UPPER EAST,Talensi District
GHANA,UPPER EAST,Bolgatanga East District
GHANA,UPPER EAST,Tempane District
GHANA,UPPER WEST,Daffiama Bussie Issa District
GHANA,UPPER WEST,Jirapa Municipal
GHANA,UPPER WEST,Lambussie Karni District
GHANA,UPPER WEST,Lawra Municipal
GHANA,UPPER WEST,Nadowli Kaleo District
GHANA,UPPER WEST,Nandom Municipal
GHANA,UPPER WEST,Sissala East Municipal
GHANA,UPPER WEST,Sissala West District
GHANA,UPPER WEST,Wa East District
GHANA,UPPER WEST,Wa Municipal
GHANA,UPPER WEST,Wa West District
GHANA,VOLTA,Adaklu District
GHANA,VOLTA,Afadzato South District
GHANA,VOLTA,Agotime Ziope District
GHANA,VOLTA,Akatsi North District
GHANA,VOLTA,Akatsi South District
GHANA,VOLTA,Central Tongu District
GHANA,VOLTA,Ho Municipal
GHANA,VOLTA,Ho West District
GHANA,VOLTA,Hohoe Municipal
GHANA,VOLTA,Keta Municipal
GHANA,VOLTA,Ketu North Municipal
GHANA,VOLTA,Ketu South Municipal
GHANA,VOLTA,Kpando Municipal
GHANA,VOLTA,North Dayi District
GHANA,VOLTA,North Tongu District
GHANA,VOLTA,South Dayi District
GHANA,VOLTA,South Tongu District
GHANA,VOLTA,Anloga District
GHANA,OTI,Biakoye District
GHANA,OTI,Jasikan District
GHANA,OTI,Kadjebi District
GHANA,OTI,Krachi East Municipal
GHANA,OTI,Krachi Nchumuru District
GHANA,OTI,Krachi West District
GHANA,OTI,Nkwanta North District
GHANA,OTI,Nkwanta South Municipal
GHANA,WESTERN,Ahanta West Municipal
GHANA,WESTERN,Amenfi Central District
GHANA,WESTERN,Wassa Amenfi East Municipal
GHANA,WESTERN,Amenfi West Municipal
GHANA,WESTERN,Ellembelle District
GHANA,WESTERN,Jomoro Municipal
GHANA,WESTERN,Mpohor District
GHANA,WESTERN,Nzema East Municipal
GHANA,WESTERN,Prestea-Huni Valley Municipal
GHANA,WESTERN,Sekondi Takoradi Metropolitan
GHANA,WESTERN,Shama District
GHANA,WESTERN,Tarkwa Nsuaem Municipal
GHANA,WESTERN,Wassa East District
GHANA,WESTERN,Effia Kwesimintsim Municipal
GHANA,WESTERN NORTH,Aowin Municipal
GHANA,WESTERN NORTH,Bia East District
GHANA,WESTERN NORTH,Bia West District
GHANA,WESTERN NORTH,Bibiani-Anhwiaso Bekwai Municipal
GHANA,WESTERN NORTH,Bodi District
GHANA,WESTERN NORTH,Juaboso District
GHANA,WESTERN NORTH,Sefwi Akontombra District
GHANA,WESTERN NORTH,Sefwi Wiawso Municipal
GHANA,WESTERN NORTH,Suaman District